régionCNC,N° auto,nom,région administrative,adresse,code INSEE,commune,population de la commune,DEP,N°UU,unité urbaine,population unité urbaine,situation géographique,écrans,fauteuils,semaines d'activité,séances,entrées 2022,entrées 2021,évolution entrées,tranche d'entrées,programmateur,AE,catégorie Art et Essai,label Art et Essai,genre,multiplexe,zone de la commune,nombre de films programmés,nombre de films inédits,nombre de films en semaine 1,PdM en entrées des films français,PdM en entrées des films américains,PdM en entrées des films européens,PdM en entrées des autres films,films Art et Essai,PdM en entrées des films Art et Essai,latitude,longitude,geolocalisation
1,741,LUXEMBOURG,ILE-DE-FRANCE,67 69 RUE MONSIEUR LE PRINCE,75106,Paris 6e Arrondissement,40452,75,851,Paris,10949158,01-Paris,3,334,53,5074,66508,43660,52.33165369,De 50 à 80 000 entrées,,,A,RDJPPR,FIXE,,C,284,121,35,66.44461243,6.560836562,13.71539261,13.2791584,229,79.38045293,48.84824,2.340797,"48.84824, 2.340797"
1,802,UGC ROTONDE,ILE-DE-FRANCE,103 BD DU MONTPARNASSE,75106,Paris 6e Arrondissement,40452,75,851,Paris,10949158,01-Paris,3,467,53,4649,75597,40081,88.61056361,De 50 à 80 000 entrées,UGC,,NON,,FIXE,,C,92,53,49,74.90376602,2.742172308,17.56286625,4.791195418,81,90.08955382,48.842318,2.328975,"48.842318, 2.328975"
1,2982,CAUMARTIN,ILE-DE-FRANCE,101 RUE ST LAZARE,75109,Paris 9e Arrondissement,60784,75,851,Paris,10949158,01-Paris,5,501,53,9058,175085,95909,82.5532536,De 150 à 200 000 entrées,,,A,,FIXE,,C,130,110,108,73.22084185,7.467738887,11.91584904,7.395570218,116,92.6932087,48.87561,2.32791,"48.87561, 2.32791"
1,3211,LE CINEMA DES CINEASTES,ILE-DE-FRANCE,7 AVENUE DE CLICHY,75117,Paris 17e Arrondissement,167765,75,851,Paris,10949158,01-Paris,3,478,53,5127,132964,76311,74.23962469,De 100 à 150 000 entrées,,,A,RDJP,FIXE,,C,170,77,62,73.90702213,5.183185924,7.577665166,13.33212678,152,96.25995405,48.884303,2.326888,"48.884303, 2.326888"
1,3222,PATHE WEPLER,ILE-DE-FRANCE,132 -140 BOULEVARD DE CLICHY,75118,Paris 18e Arrondissement,191911,75,851,Paris,10949158,01-Paris,11,1757,53,23490,625295,424464,47.31402428,De 450 à 700 000 entrées,PATHE-GAUMONT,,NON,,FIXE,,C,303,251,199,43.34026837,38.51654732,13.88362041,4.259563899,134,23.14721631,48.883938,2.328034,"48.883938, 2.328034"
1,6611,UGC CINE CITE BERCY,ILE-DE-FRANCE,2 COUR SAINT-EMILION,75112,Paris 12e Arrondissement,141275,75,851,Paris,10949158,01-Paris,18,4480,53,37654,964163,681518,41.47285912,De 700 000 à 1 million d'entrées,UGC,,NON,,FIXE,,C,369,280,280,34.53115217,44.62276456,15.24283316,5.603250118,184,21.39681853,48.833595,2.38604,"48.833595, 2.38604"
1,7491,GAUMONT AQUABOULEVARD,ILE-DE-FRANCE,8/16 RUE DU COLONEL PIERRE AVIA,75115,Paris 15e Arrondissement,231186,75,851,Paris,10949158,01-Paris,14,2583,53,26779,378789,73673,414.1490098,De 300 à 450 000 entrées,PATHE-GAUMONT,,NON,,FIXE,,C,314,255,207,24.87001365,54.90469438,14.95413965,5.271152324,103,4.806175613,48.830408,2.276322,"48.830408, 2.276322"
1,7711,GAUMONT MONTPARNOS,ILE-DE-FRANCE,16 18 RUE D ODESSA,75114,Paris 14e Arrondissement,134926,75,851,Paris,10949158,01-Paris,4,397,53,7890,144713,84252,71.76209467,De 100 à 150 000 entrées,PATHE-GAUMONT,,NON,,FIXE,,C,192,170,72,59.93912562,21.16768124,10.54095185,8.352241284,99,48.05340343,48.841914,2.324596,"48.841914, 2.324596"
1,8451,STUDIO DES URSULINES,ILE-DE-FRANCE,10 RUE DES URSULINES,75105,Paris 5e Arrondissement,58050,75,851,Paris,10949158,01-Paris,1,122,41,969,26628,14363,85.39302374,De 20 à 30 000 entrées,,,A,JPPR,FIXE,,C,108,13,8,51.62347334,15.06106643,24.90914507,8.406315162,96,90.02680965,48.842733,2.342044,"48.842733, 2.342044"
1,8513,REFLET MEDICIS 2,ILE-DE-FRANCE,7 RUE CHAMPOLLION,75105,Paris 5e Arrondissement,58050,75,851,Paris,10949158,01-Paris,3,339,53,5400,91053,48873,86.30532196,De 80 à 100 000 entrées,,,A,RDPR,FIXE,,C,302,63,37,45.32869244,6.430792106,29.52825088,18.71226458,215,83.57551591,48.849591,2.342836,"48.849591, 2.342836"
1,8632,UGC  GOBELINS,ILE-DE-FRANCE,66 BIS AV DES GOBELINS,75113,Paris 13e Arrondissement,179013,75,851,Paris,10949158,01-Paris,11,1169,53,22766,358558,224585,59.65358328,De 300 à 450 000 entrées,UGC,,NON,,FIXE,,C,348,233,201,55.91946241,25.21066001,11.90522817,6.964649404,208,47.62706743,48.832888,2.354241,"48.832888, 2.354241"
1,9900,MK2 QUAI DE LOIRE,ILE-DE-FRANCE,5/19 QUAI DE LA LOIRE,75119,Paris 19e Arrondissement,184156,75,851,Paris,10949158,01-Paris,6,1108,53,11507,326491,239081,36.56083085,De 300 à 450 000 entrées,MK2,,NON,,FIXE,,C,206,143,85,43.64624791,37.50835536,14.23323869,4.612158044,124,44.45633444,48.885067,2.374123,"48.885067, 2.374123"
2,14693,! POC ! SCENE ARTISTIQUE ALFORTVILLE,ILE-DE-FRANCE,82 RUE MARCEL BOURDARIAS,94002,Alfortville,45317,94,851,Paris,10949158,02-Petite Couronne,1,410,38,87,8175,3332,145.3481393,De 5 à 10 000 entrées,,,NON,,FIXE,,B,79,65,0,67.47566983,28.01874324,4.157154872,0.348432056,47,38.68797309,48.807586,2.422346,"48.807586, 2.422346"
2,26662,L ALCAZAR,ILE-DE-FRANCE,1 RUE DE LA STATION,92004,Asnières-sur-Seine,88672,92,851,Paris,10949158,02-Petite Couronne,4,646,53,8149,141854,86580,63.84153384,De 100 à 150 000 entrées,,,C,JPPR,FIXE,,B,230,138,115,47.73264955,34.2424287,12.56741069,5.457511058,154,39.944602,48.906327,2.284046,"48.906327, 2.284046"
2,35953,THEATRE VICTOR HUGO,ILE-DE-FRANCE,14 AV VICTOR HUGO,92007,Bagneux,42122,92,851,Paris,10949158,02-Petite Couronne,1,418,32,127,6549,3097,111.4627058,De 5 à 10 000 entrées,,,NON,,FIXE,,B,56,25,0,39.71880492,48.64994408,3.259306598,8.3719444,31,42.62661767,48.804045,2.321692,"48.804045, 2.321692"
2,66923,PATHE,ILE-DE-FRANCE,26 RUE LE CORBUSIER,92012,Boulogne-Billancourt,122162,92,851,Paris,10949158,02-Petite Couronne,7,1492,53,11651,396263,280883,41.07760171,De 300 à 450 000 entrées,PATHE-GAUMONT,,NON,,FIXE,,B,206,163,147,49.2920578,34.31646563,11.57767419,4.81380238,82,27.73184883,48.837649,2.239534,"48.837649, 2.239534"
2,69641,BUXY,ILE-DE-FRANCE,CENTRE COMMERCIAL VAL D'YERRES 2,91097,Boussy-Saint-Antoine,8057,91,851,Paris,10949158,03-Grande couronne,5,797,53,6232,65426,39463,65.79074069,De 50 à 80 000 entrées,,,C,,FIXE,,B,215,166,118,46.54707145,39.99080037,10.30205458,3.160073597,100,18.21220485,48.683571,2.535014,"48.683571, 2.535014"
2,73423,JEAN COCTEAU,ILE-DE-FRANCE,3 RUE ANATOLE FRANCE,91103,Brétigny-sur-Orge,27361,91,851,Paris,10949158,03-Grande couronne,2,368,53,2419,35447,19783,79.17909316,De 30 à 40 000 entrées,,,C,JPPR,FIXE,,B,313,204,18,51.94929962,31.24457667,12.77736457,4.028759142,199,47.40299988,48.608596,2.303919,"48.608596, 2.303919"
2,81101,LA PLEIADE,ILE-DE-FRANCE,12 AVENUE COUSIN DE MERICOURT,94016,Cachan,30492,94,851,Paris,10949158,02-Petite Couronne,3,802,50,4013,50850,29589,71.85440535,De 50 à 80 000 entrées,,,C,JP,FIXE,,B,299,223,106,60.9754548,19.01565048,14.81183422,5.197060505,200,45.74218005,48.795796,2.335316,"48.795796, 2.335316"
2,92329,UGC CINE CITE,ILE-DE-FRANCE,8 PLACE DES 3 GARES,95127,Cergy,68275,95,851,Paris,10949158,03-Grande couronne,14,2788,53,21463,289344,187148,54.60704897,De 200 à 300 000 entrées,UGC,,NON,,FIXE,,B,310,212,208,27.37476379,55.08420608,12.61395336,4.927076772,124,7.598275039,49.048453,2.010977,"49.048453, 2.010977"
2,96533,JEAN GABIN,ILE-DE-FRANCE,RUE PIERRE DE COUBERTIN,77079,Champagne-sur-Seine,6504,77,77404,Champagne-sur-Seine,29069,03-Grande couronne,1,168,50,426,4454,2804,58.84450785,De 2 à 5 000 entrées,,,D,,FIXE,,C,131,115,0,70.08961008,12.95713248,14.26495519,2.688302252,79,57.42310487,48.398755,2.80515,"48.398755, 2.80515"
2,106031,CINEMA,ILE-DE-FRANCE,7BIS RUE DE LA MAIRIE,92020,Châtillon,36688,92,851,Paris,10949158,02-Petite Couronne,1,185,22,340,10454,,,De 10 à 20 000 entrées,,,C,JP,FIXE,,B,92,71,1,57.14920564,22.61970892,11.82090879,8.410176647,61,56.53816243,48.800675,2.288049,"48.800675, 2.288049"
2,108192,ATRIUM,ILE-DE-FRANCE,3 PARVIS ROBERT SCHUMAN,92022,Chaville,20830,92,851,Paris,10949158,02-Petite Couronne,1,643,44,352,11940,6822,75.02198769,De 10 à 20 000 entrées,,,NON,,FIXE,,B,142,107,2,64.59815078,22.00391181,5.725462304,7.672475107,56,33.29480797,48.813094,2.192579,"48.813094, 2.192579"
2,110351,GAUMONT DISNEY VILLAGE,ILE-DE-FRANCE,1 ESPLANADE FRANCOIS TRUFFAUT,77111,Chessy,6780,77,851,Paris,10949158,03-Grande couronne,15,3923,53,25441,637758,418659,52.33352203,De 450 à 700 000 entrées,PATHE-GAUMONT,,NON,,FIXE,,B,260,194,186,17.28330643,64.98190279,13.86107398,3.873716801,46,1.97540167,48.880488,2.772675,"48.880488, 2.772675"
2,117025,M J C THEATRE DE COLOMBES,ILE-DE-FRANCE,"96, 98 RUE ST DENIS",92025,Colombes,87328,92,851,Paris,10949158,02-Petite Couronne,1,322,7,13,925,642,44.08099688,Moins de 2000 entrées,,,NON,,FIXE,,B,8,0,0,8.506429278,70.22749753,0,21.26607319,7,65.08407517,48.923862,2.250041,"48.923862, 2.250041"
2,123373,HEMISPHERE THEATER,ILE-DE-FRANCE,23 RUE MARCEL CLAVIER,77131,Coulommiers,15167,77,77402,Coulommiers,28499,03-Grande couronne,4,568,13,318,4883,10866,-55.06166022,De 2 à 5 000 entrées,,,NON,,FIXE,,C,30,27,2,42.46210569,50.40966817,7.128226137,0,9,10.75378943,48.809696,3.090876,"48.809696, 3.090876"
2,123905,CAMILLE ST SAENS,ILE-DE-FRANCE,15 BOULEVARD ARISTIDE BRIAND,92026,Courbevoie,82701,92,851,Paris,10949158,02-Petite Couronne,1,360,4,18,3500,2724,28.48751836,De 2 à 5 000 entrées,,,NON,,FIXE,,B,12,10,1,76.62857143,12.08571429,0,11.28571429,5,44.71428571,48.899883,2.259136,"48.899883, 2.259136"
2,133212,PATHE DAMMARIE,ILE-DE-FRANCE,824 AVENUE DU LYS,77152,Dammarie-les-Lys,22471,77,851,Paris,10949158,03-Grande couronne,10,2181,53,17295,216888,142408,52.30043256,De 200 à 300 000 entrées,PATHE-GAUMONT,,NON,,FIXE,,B,310,234,185,33.28115274,50.74183149,11.85629744,4.120718327,112,5.242059105,48.517401,2.627798,"48.517401, 2.627798"
2,142171,PARTERRE,ILE-DE-FRANCE,SQUARE DE LAC MEGANTIC,91200,Dourdan,10910,91,91302,Dourdan,12248,03-Grande couronne,2,227,52,2256,31765,20721,53.29858598,De 30 à 40 000 entrées,,,E,JP,FIXE,,C,253,182,58,48.79817857,35.5179704,12.38900634,3.29484469,124,23.19076273,48.528741,2.015215,"48.528741, 2.015215"
2,148324,MEGA CGR,ILE-DE-FRANCE,5 AVENUE DU MARECHAL  JOFFRE,93031,Épinay-sur-Seine,54569,93,851,Paris,10949158,02-Petite Couronne,12,2470,53,23071,321828,187175,71.93962869,De 300 à 450 000 entrées,CGR,,NON,,FIXE,,B,281,192,187,18.72709782,51.20375588,10.47966551,19.5894808,34,1.71542607,48.957859,2.301996,"48.957859, 2.301996"
2,152882,LA ROTONDE A,ILE-DE-FRANCE,102 RUE SAINT JACQUES,91223,Étampes,26454,91,91401,Étampes,32227,03-Grande couronne,3,338,53,5264,39113,25004,56.42697168,De 30 à 40 000 entrées,,,NON,,FIXE,,C,181,139,71,31.66991987,51.36634477,13.33983974,3.623895624,48,8.673207315,48.433642,2.155867,"48.433642, 2.155867"
2,166051,CINEMA DE L YSIEUX,ILE-DE-FRANCE,PLACE JEAN MOULIN,95250,Fosses,9895,95,95401,Fosses,22451,03-Grande couronne,1,195,53,1631,24214,12636,91.62709718,De 20 à 30 000 entrées,,,D,RDJPPR,FIXE,,C,333,236,0,62.40450342,20.89979002,9.587633472,7.108073091,225,58.79462092,49.099464,2.524882,"49.099464, 2.524882"
2,202232,UGC ISSY LES MOULINEAUX,ILE-DE-FRANCE,24 AVENUE CHARLES DE GAULLE,92040,Issy-les-Moulineaux,68641,92,851,Paris,10949158,02-Petite Couronne,7,1248,17,3708,50954,,,De 50 à 80 000 entrées,,,NON,,FIXE,,B,91,62,55,58.54187192,35.25714286,2.334975369,3.866009852,40,27.52315271,48.818131,2.277208,"48.818131, 2.277208"
2,205601,CENTRE CULTUREL,ILE-DE-FRANCE,96 AVENUE DES BRUZACQUES,95323,Jouy-le-Moutier,17357,95,851,Paris,10949158,03-Grande couronne,1,346,34,137,7283,2948,147.0488467,De 5 à 10 000 entrées,,,NON,,FIXE,,B,65,40,0,58.45360825,9.810996564,10.2233677,21.51202749,36,72.73195876,49.011314,2.043572,"49.011314, 2.043572"
2,226040,PATHE,ILE-DE-FRANCE,3 ALLEE DU PREAMBULE,77251,Lieusaint,13891,77,851,Paris,10949158,03-Grande couronne,17,3790,53,32434,1199994,701315,71.10627892,"De 1 à 1,5 million d'entrées",PATHE-GAUMONT,,NON,,FIXE,,B,298,228,224,24.61137857,58.04396112,13.24529048,4.09936983,83,4.967570211,48.616119,2.547927,"48.616119, 2.547927"
2,231939,THEATRE DE LONGJUMEAU,ILE-DE-FRANCE,20 AVENUE DU GENERAL DE GAULLE,91345,Longjumeau,21242,91,851,Paris,10949158,03-Grande couronne,1,862,44,285,8505,4051,109.9481609,De 5 à 10 000 entrées,,,NON,,FIXE,,B,147,122,0,54.88314883,23.98523985,10.5904059,10.54120541,47,29.38499385,48.679684,2.313256,"48.679684, 2.313256"
2,242003,L'ATALANTE,ILE-DE-FRANCE,48 RUE DU PRIEURE,78358,Maisons-Laffitte,23700,78,851,Paris,10949158,03-Grande couronne,1,163,51,1224,36897,22459,64.28603233,De 30 à 40 000 entrées,,,C,JP,FIXE,,B,177,125,36,63.39796033,15.67297994,16.17449288,4.75456685,105,50.4062535,48.946355,2.147062,"48.946355, 2.147062"
2,252134,CINEMASSY,ILE-DE-FRANCE,PLACE DE FRANCE,91377,Massy,50844,91,851,Paris,10949158,03-Grande couronne,3,324,23,1723,9385,61,15285.2459,De 5 à 10 000 entrées,,,C,RDJPPR,FIXE,,B,119,89,33,73.80537581,11.32404181,6.931309109,7.93927327,100,86.51070184,48.732679,2.288638,"48.732679, 2.288638"
2,276086,MELIES,ILE-DE-FRANCE,PLACE JEAN JAURES,93048,Montreuil,111954,93,851,Paris,10949158,02-Petite Couronne,6,1139,53,10093,318096,189927,67.48329621,De 300 à 450 000 entrées,,,C,RDJPPR,FIXE,,B,705,369,308,57.31246534,20.65030505,11.85766778,10.17956184,512,73.56593178,48.862437,2.442502,"48.862437, 2.442502"
2,283043,FREDERIC DARD CLUB A,ILE-DE-FRANCE,77 RUE PAUL DOUMER,78440,Les Mureaux,33705,78,851,Paris,10949158,03-Grande couronne,2,360,51,2292,30078,14761,103.7666825,De 30 à 40 000 entrées,,,C,JP,FIXE,,B,228,172,11,56.28593739,28.51565273,10.89302194,4.305387946,111,43.47270533,48.993874,1.910246,"48.993874, 1.910246"
2,288151,LE VILLAGE I,ILE-DE-FRANCE,4 RUE DE CHEZY,92051,Neuilly-sur-Seine,60411,92,851,Paris,10949158,02-Petite Couronne,2,500,53,2457,61755,33992,81.67510002,De 50 à 80 000 entrées,,,NON,,FIXE,,B,135,86,41,63.76302655,18.5485051,13.18181079,4.506657562,75,38.0871092,48.885364,2.268222,"48.885364, 2.268222"
2,292374,UGC CINE CITE,ILE-DE-FRANCE,CENTRE COMMERCIAL LES ARCADES,93051,Noisy-le-Grand,69352,93,851,Paris,10949158,02-Petite Couronne,10,1799,53,16510,235438,149419,57.56898386,De 200 à 300 000 entrées,UGC,,NON,,FIXE,,B,240,168,167,30.10647484,52.45555749,12.75358497,4.684382697,84,7.813118143,48.840097,2.547002,"48.840097, 2.547002"
2,343762,THEATRE ET CINEMA GEORGES SIMENON,ILE-DE-FRANCE,PLACE CARNOT,93064,Rosny-sous-Bois,45622,93,851,Paris,10949158,02-Petite Couronne,1,229,46,382,14480,4888,196.2356792,De 10 à 20 000 entrées,,,C,,FIXE,,B,164,105,1,67.40587424,17.56357185,5.844667849,9.185886063,119,80.11038833,48.873327,2.482728,"48.873327, 2.482728"
2,347162,ARIEL,ILE-DE-FRANCE,99 AVENUE PAUL DOUMER,92063,Rueil-Malmaison,79713,92,851,Paris,10949158,02-Petite Couronne,3,689,51,4118,82316,46739,76.11844498,De 80 à 100 000 entrées,,,C,,FIXE,,B,178,117,69,75.20372526,9.68221336,9.472915067,5.641146311,107,44.51489857,48.879844,2.180852,"48.879844, 2.180852"
2,356431,ESPACE PREVERT,ILE-DE-FRANCE,QUARTIER DU PLESSIS LE ROI,77445,Savigny-le-Temple,30404,77,851,Paris,10949158,03-Grande couronne,1,390,51,743,15047,6121,145.8258455,De 10 à 20 000 entrées,,,C,,FIXE,,B,186,134,3,58.07221941,27.38258919,9.088935524,5.45625588,84,36.93465518,48.57649,2.579118,"48.57649, 2.579118"
2,374021,LE CRATERE,ILE-DE-FRANCE,RUE JEAN MOULIN,78537,Saint-Arnoult-en-Yvelines,5925,78,78202,Saint-Arnoult-en-Yvelines,5925,03-Grande couronne,1,401,53,1057,32164,14520,121.5151515,De 30 à 40 000 entrées,,,E,,FIXE,,I,147,133,3,46.91319039,37.71118199,12.55565731,2.819970316,67,16.13351438,48.571134,1.933453,"48.571134, 1.933453"
2,425503,PATHE BELLE EPINE,ILE-DE-FRANCE,CENTRE COMMERCIAL BELLE EPINE,94073,Thiais,30994,94,851,Paris,10949158,02-Petite Couronne,16,3679,53,30933,951789,589825,61.36803289,De 700 000 à 1 million d'entrées,PATHE-GAUMONT,,NON,,FIXE,,B,257,195,190,21.42800615,61.21004665,12.85418683,4.507760375,43,2.333968908,48.756508,2.371928,"48.756508, 2.371928"
2,444330,L'ANTARES,ILE-DE-FRANCE,"1, PLACE DU COEUR BATTANT",95637,Vauréal,16207,95,851,Paris,10949158,03-Grande couronne,2,217,50,2430,34423,18518,85.8894049,De 30 à 40 000 entrées,,,NON,,FIXE,,B,236,165,30,29.49388087,46.61491752,15.42145294,8.469748662,80,20.30736486,49.030119,2.021182,"49.030119, 2.021182"
2,444791,LA GRANGE,ILE-DE-FRANCE,RUE AMBROISE PRO,77487,Vaux-le-Pénil,11254,77,851,Paris,10949158,03-Grande couronne,1,268,50,808,13410,8336,60.86852207,De 10 à 20 000 entrées,,,C,,FIXE,,B,207,171,9,75.73504274,15.08547009,6.803418803,2.376068376,109,44.83760684,48.527795,2.689584,"48.527795, 2.689584"
2,449661,UGC CYRANO,ILE-DE-FRANCE,7 RUE RAMEAU,78646,Versailles,85474,78,851,Paris,10949158,03-Grande couronne,8,1590,53,11233,169722,114196,48.62341938,De 150 à 200 000 entrées,UGC,,NON,,FIXE,,B,292,188,154,51.62602589,30.32840275,14.62357441,3.421996945,127,22.09820107,48.807883,2.130901,"48.807883, 2.130901"
2,449702,UGC ROXANE,ILE-DE-FRANCE,6 RUE ST SIMON,78646,Versailles,85474,78,851,Paris,10949158,03-Grande couronne,4,769,50,5359,67568,37368,80.81781203,De 50 à 80 000 entrées,UGC,,C,,FIXE,,B,269,176,117,69.16732539,2.733821534,16.53268505,11.56616803,236,97.79713344,48.803954,2.133847,"48.803954, 2.133847"
2,450503,CINEMA JEAN MARAIS,ILE-DE-FRANCE,59 BD CARNOT,78650,Le Vésinet,16108,78,851,Paris,10949158,03-Grande couronne,1,199,48,716,23761,12513,89.89051387,De 20 à 30 000 entrées,,,C,,FIXE,,B,157,117,5,73.44780281,11.48382529,11.0103111,4.058060805,102,68.55334779,48.893988,2.134326,"48.893988, 2.134326"
2,457861,ANDRE MALRAUX,ILE-DE-FRANCE,28 AVENUE DE VERDUN,92078,Villeneuve-la-Garenne,24670,92,851,Paris,10949158,02-Petite Couronne,1,212,36,222,7318,3632,101.4867841,De 5 à 10 000 entrées,,,NON,,FIXE,,B,68,23,0,29.99687695,45.14366021,7.651467833,17.207995,41,66.52092442,48.935662,2.333275,"48.935662, 2.333275"
2,462321,LE VINCENNES,ILE-DE-FRANCE,30 AV DE PARIS,94080,Vincennes,50168,94,851,Paris,10949158,02-Petite Couronne,4,481,53,6923,137611,85634,60.6966859,De 100 à 150 000 entrées,,,C,JPPR,FIXE,,B,297,130,104,56.10385397,24.59231678,13.14705951,6.156769743,222,53.34064627,48.845095,2.434268,"48.845095, 2.434268"
2,723760,PATHE,ILE-DE-FRANCE,21 PLACE DU GRAND OUEST,91377,Massy,50844,91,851,Paris,10949158,03-Grande couronne,9,1894,53,16425,415764,275734,50.78445168,De 300 à 450 000 entrées,PATHE-GAUMONT,,NON,,FIXE,,B,266,203,153,23.02563867,57.22239309,15.13303675,4.618931492,86,4.235574466,48.724173,2.262676,"48.724173, 2.262676"
1,35,BALZAC,ILE-DE-FRANCE,1 RUE BALZAC,75108,Paris 8e Arrondissement,36218,75,851,Paris,10949158,01-Paris,3,589,51,4602,101443,55067,84.21740788,De 100 à 150 000 entrées,,,A,RD,FIXE,,C,203,80,59,70.18649803,2.681664384,15.67006364,11.46177395,145,89.68319504,48.872431,2.299525,"48.872431, 2.299525"
1,301,MAX LINDER,ILE-DE-FRANCE,24 BD POISSONNIERE,75109,Paris 9e Arrondissement,60784,75,851,Paris,10949158,01-Paris,1,591,53,1568,75994,59346,28.05243824,De 50 à 80 000 entrées,,,A,,FIXE,,C,130,32,18,20.39299799,40.96588943,29.4457898,9.19532277,81,55.16916903,48.871363,2.344886,"48.871363, 2.344886"
1,483,ENTREPOT,ILE-DE-FRANCE,7 ET 9 RUE FRANCIS DE PRESSENSE,75114,Paris 14e Arrondissement,134926,75,851,Paris,10949158,01-Paris,3,268,53,4324,50500,29174,73.09933502,De 50 à 80 000 entrées,,,A,RDJPPR,FIXE,,C,376,172,14,62.23226656,10.35500943,19.6084221,7.804301906,302,89.05217253,48.83393,2.31652,"48.83393, 2.31652"
1,612,UGC CINE CITE MAILLOT,ILE-DE-FRANCE,PALAIS CONGRES PL PORTE MAILLOT,75117,Paris 17e Arrondissement,167765,75,851,Paris,10949158,01-Paris,12,1142,53,15137,177435,62847,182.3285121,De 150 à 200 000 entrées,UGC,,NON,,FIXE,,C,278,191,153,59.91891175,23.96282137,10.86842358,5.249843301,148,36.87652111,48.878512,2.282965,"48.878512, 2.282965"
1,751,ST ANDRE DES ARTS,ILE-DE-FRANCE,30 RUE ST ANDRE DES ARTS,75106,Paris 6e Arrondissement,40452,75,851,Paris,10949158,01-Paris,3,510,53,4905,48614,24299,100.0658463,De 40 à 50 000 entrées,,,A,RDPR,FIXE,,C,267,122,61,73.87181094,7.770408935,12.52079238,5.836987751,181,81.03086993,48.853361,2.34211,"48.853361, 2.34211"
1,801,MK2 PARNASSE,ILE-DE-FRANCE,11 RUE JULES CHAPLAIN,75106,Paris 6e Arrondissement,40452,75,851,Paris,10949158,01-Paris,3,250,53,6175,60473,36575,65.33971292,De 50 à 80 000 entrées,MK2,,A,RDJPPR,FIXE,,C,202,134,6,66.19428417,9.216519891,13.01076357,11.57843236,160,81.24304079,48.842813,2.330525,"48.842813, 2.330525"
1,883,CHRISTINE CINEMA CLUB,ILE-DE-FRANCE,4 RUE CHRISTINE,75106,Paris 6e Arrondissement,40452,75,851,Paris,10949158,01-Paris,2,234,53,3114,61236,29425,108.1087511,De 50 à 80 000 entrées,,,A,PR,FIXE,,C,385,11,1,18.41559311,48.45240087,24.13083487,9.001171156,320,91.29496403,48.854455,2.340132,"48.854455, 2.340132"
1,891,LE SILENCIO DES PRES,ILE-DE-FRANCE,22 RUE GUILLAUME APOLLINAIRE,75106,Paris 6e Arrondissement,40452,75,851,Paris,10949158,01-Paris,1,208,2,4,313,1568,-80.03826531,Moins de 2000 entrées,,,NON,,FIXE,,C,4,2,0,92.97124601,0,7.028753994,0,4,100,48.85467,2.333052,"48.85467, 2.333052"
1,3741,STUDIO 28,ILE-DE-FRANCE,10 RUE THOLOZE,75118,Paris 18e Arrondissement,191911,75,851,Paris,10949158,01-Paris,1,172,49,1326,42082,24213,73.79919878,De 40 à 50 000 entrées,,,NON,,FIXE,,C,176,142,1,61.13406795,13.81236609,15.01122334,10.04234262,129,79.24446485,48.886142,2.335342,"48.886142, 2.335342"
1,4731,MK2 QUAI DE SEINE,ILE-DE-FRANCE,14 QUAI DE LA SEINE,75119,Paris 19e Arrondissement,184156,75,851,Paris,10949158,01-Paris,6,992,53,12424,319039,198514,60.71360206,De 300 à 450 000 entrées,MK2,,A,RDJP,FIXE,,C,230,162,126,70.79251216,8.255949164,10.55831245,10.39322622,177,92.00510981,48.885073,2.371493,"48.885073, 2.371493"
1,5691,MK2 GAMBETTA,ILE-DE-FRANCE,6 RUE BELGRAND,75120,Paris 20e Arrondissement,193044,75,851,Paris,10949158,01-Paris,6,1140,53,11911,277974,190956,45.56966003,De 200 à 300 000 entrées,MK2,,NON,,FIXE,,C,252,141,107,56.15803174,23.42245259,13.57089193,6.848623749,167,70.61606879,48.864763,2.399555,"48.864763, 2.399555"
1,8331,UGC DANTON,ILE-DE-FRANCE,99 BD ST GERMAIN,75106,Paris 6e Arrondissement,40452,75,851,Paris,10949158,01-Paris,4,612,53,8451,155081,99447,55.94336682,De 150 à 200 000 entrées,UGC,,NON,,FIXE,,C,124,117,61,69.19238165,13.46226798,12.54136853,4.803981844,71,58.73677188,48.852138,2.338995,"48.852138, 2.338995"
1,8353,UGC ODEON,ILE-DE-FRANCE,124 BD ST GERMAIN,75106,Paris 6e Arrondissement,40452,75,851,Paris,10949158,01-Paris,5,641,53,10610,172541,107689,60.22156395,De 150 à 200 000 entrées,UGC,,NON,,FIXE,,C,177,135,91,63.23311976,17.21972574,13.0814948,6.465659699,108,55.58461137,48.852353,2.339834,"48.852353, 2.339834"
1,8621,LES FAUVETTES,ILE-DE-FRANCE,58 AVENUE DES GOBELINS,75113,Paris 13e Arrondissement,179013,75,851,Paris,10949158,01-Paris,5,645,53,9471,104284,75716,37.73046648,De 100 à 150 000 entrées,PATHE-GAUMONT,,NON,,FIXE,,C,283,83,52,40.01842441,41.65738697,13.27164868,5.052539936,164,42.35994412,48.833574,2.353775,"48.833574, 2.353775"
1,9803,LES 7 BATIGNOLLES CINEMOVIDA,ILE-DE-FRANCE,ALLEE COLETTE HEILBRONNER,75117,Paris 17e Arrondissement,167765,75,851,Paris,10949158,01-Paris,7,1151,53,13310,136069,93497,45.53301175,De 100 à 150 000 entrées,FONT,,NON,,FIXE,,C,242,138,117,39.80983974,39.65176221,14.76194926,5.776448784,125,32.12555872,48.893315,2.311503,"48.893315, 2.311503"
2,10992,PANDORA,ILE-DE-FRANCE,6 ALLEE SIMONE SIGNORET,78005,Achères,21812,78,851,Paris,10949158,03-Grande couronne,3,257,50,4503,60322,37686,60.06474553,De 50 à 80 000 entrées,,,C,RDJP,FIXE,,B,265,186,79,71.89876642,10.29438521,12.04650486,5.76034351,209,74.91721553,48.960956,2.067774,"48.960956, 2.067774"
2,22636,MEGARAMA,ILE-DE-FRANCE,8 AVENUE SALVADOR ALLENDE,94003,Arcueil,21962,94,851,Paris,10949158,02-Petite Couronne,6,781,53,9960,151742,102911,47.44973812,De 150 à 200 000 entrées,MEGARAMA,,NON,,FIXE,,B,169,131,122,21.98342093,60.6171317,11.463561,5.93588636,16,2.09975138,48.810228,2.328168,"48.810228, 2.328168"
2,28264,STUDIO,ILE-DE-FRANCE,2 RUE EDOUARD POISSON,93001,Aubervilliers,89559,93,851,Paris,10949158,02-Petite Couronne,1,127,49,1246,27642,13653,102.4609976,De 20 à 30 000 entrées,,,C,JPPR,FIXE,,B,295,190,6,62.48897513,20.0432175,8.863997178,8.603810196,212,73.98130182,48.910534,2.384966,"48.910534, 2.384966"
2,30164,THEATRE ET CINEMA JACQUES PREVERT,ILE-DE-FRANCE,134 RUE ANATOLE FRANCE,93005,Aulnay-sous-Bois,86873,93,851,Paris,10949158,02-Petite Couronne,2,789,48,1156,22231,11153,99.32753519,De 20 à 30 000 entrées,,,C,JP,FIXE,,B,323,253,10,58.82499502,24.81064381,9.861470999,6.502890173,198,56.21387283,48.940586,2.496291,"48.940586, 2.496291"
2,36013,LE CIN'HOCHE,ILE-DE-FRANCE,6 RUE HOCHE,93006,Bagnolet,38571,93,851,Paris,10949158,02-Petite Couronne,2,288,49,2064,31919,17239,85.15575149,De 30 à 40 000 entrées,,,C,RDJPPR,FIXE,,B,249,166,26,64.83696245,16.79450362,7.706568759,10.66196518,199,83.0491839,48.869237,2.417029,"48.869237, 2.417029"
2,37350,CINE TOILE,ILE-DE-FRANCE,2 RUE DES COLOMBES,91045,Ballancourt-sur-Essonne,7812,91,91402,Ballancourt-sur-Essonne,35751,03-Grande couronne,1,189,44,475,5652,5624,0.497866287,De 5 à 10 000 entrées,,,NON,,FIXE,,C,103,91,24,55.86307356,39.53022578,4.38820102,0.218499636,27,20.97596504,48.528643,2.388787,"48.528643, 2.388787"
2,61504,SALLE ANDRE MALRAUX,ILE-DE-FRANCE,25 COURS DE LA REPUBLIQUE,93010,Bondy,53509,93,851,Paris,10949158,02-Petite Couronne,1,324,49,1337,28191,18071,56.00132809,De 20 à 30 000 entrées,,,C,JP,FIXE,,B,253,169,7,50.81356204,34.13353639,8.388105162,6.664796409,145,45.48332799,48.901598,2.480089,"48.901598, 2.480089"
2,68212,AUDITORIUM DU CONSERVATOIRE,ILE-DE-FRANCE,11 BD CARNOT,92014,Bourg-la-Reine,21291,92,851,Paris,10949158,02-Petite Couronne,1,177,21,30,1059,383,176.5013055,Moins de 2000 entrées,,,NON,,FIXE,,B,29,9,0,69.95121951,17.65853659,6.829268293,5.56097561,18,63.80487805,48.778884,2.317531,"48.778884, 2.317531"
2,74662,LES 4 VENTS,ILE-DE-FRANCE,80 RUE DU GENERAL LECLERC,77053,Brie-Comte-Robert,19447,77,77306,Brie-Comte-Robert,19447,03-Grande couronne,1,168,51,922,20328,10261,98.10934607,De 20 à 30 000 entrées,,,E,JPPR,FIXE,,I,271,208,2,63.11787072,18.95079076,11.42337576,6.507962749,149,41.37322973,48.696652,2.607228,"48.696652, 2.607228"
2,105652,REX,ILE-DE-FRANCE,364 AVE DE LA DIVISION LECLERC,92019,Châtenay-Malabry,34748,92,851,Paris,10949158,02-Petite Couronne,2,551,49,2596,40372,24420,65.32350532,De 40 à 50 000 entrées,,,C,RDJP,FIXE,,B,247,169,87,53.75320787,27.56094953,13.43830197,5.247540633,166,49.20605218,48.765842,2.259825,"48.765842, 2.259825"
2,110372,STUDIO 31,ILE-DE-FRANCE,31 PLACE D'ARIANE,77111,Chessy,6780,77,851,Paris,10949158,03-Grande couronne,2,216,51,3478,48738,28990,68.12004139,De 40 à 50 000 entrées,,,C,,FIXE,,B,219,146,35,16.10951859,63.09754658,13.94064581,6.852289014,92,12.57482506,48.856412,2.773682,"48.856412, 2.773682"
2,111583,FRANCOIS TRUFFAUT,ILE-DE-FRANCE,2 RUE DE L ECOLE,91161,Chilly-Mazarin,20050,91,851,Paris,10949158,03-Grande couronne,2,409,53,2951,41110,24560,67.38599349,De 40 à 50 000 entrées,,,C,RDJPPR,FIXE,,B,453,272,39,57.2699779,20.23671048,15.14190997,7.351401652,331,58.79667326,48.703333,2.314917,"48.703333, 2.314917"
2,113523,CINEMA JEANNE MOREAU,ILE-DE-FRANCE,22 RUE PAUL VAILLANT COUTURIER,92023,Clamart,53740,92,851,Paris,10949158,02-Petite Couronne,1,176,47,1004,21872,9894,121.0632707,De 20 à 30 000 entrées,,,C,,FIXE,,B,187,135,23,74.46348841,11.77204859,7.215900907,6.548562101,139,68.33261318,48.802513,2.263801,"48.802513, 2.263801"
2,114032,ESPACE PHILIPPE NOIRET,ILE-DE-FRANCE,PLACE CHARLES DE GAULLE,78165,Les Clayes-sous-Bois,17624,78,851,Paris,10949158,03-Grande couronne,2,313,53,2129,42417,24414,73.74047678,De 40 à 50 000 entrées,,,C,JP,FIXE,,B,246,162,14,59.81355566,25.33096274,11.28516854,3.570313063,129,35.64787007,48.821274,1.987156,"48.821274, 1.987156"
2,115104,CINEMA RUTEBEUF,ILE-DE-FRANCE,16-18  ALLEES LEON-GAMBETTA,92024,Clichy,63166,92,851,Paris,10949158,02-Petite Couronne,1,549,48,1084,17172,,,De 10 à 20 000 entrées,,,C,,FIXE,,B,221,171,7,60.29967263,20.5049106,9.267187107,9.928229665,146,59.97859481,48.90196,2.309342,"48.90196, 2.309342"
2,117921,LA COUPOLE,ILE-DE-FRANCE,RUE JEAN FRANCOIS MILLET,77122,Combs-la-Ville,21801,77,851,Paris,10949158,03-Grande couronne,1,236,41,450,11160,5536,101.5895954,De 10 à 20 000 entrées,,,NON,,FIXE,,B,136,98,2,56.14362578,26.56198529,13.59393873,3.700450203,57,49.61018996,48.659579,2.566711,"48.659579, 2.566711"
2,120963,THEATRE DU CORMIER,ILE-DE-FRANCE,123 RUE DE SAINT-GERMAIN,95176,Cormeilles-en-Parisis,26297,95,851,Paris,10949158,03-Grande couronne,1,307,40,196,8623,3323,159.4944327,De 5 à 10 000 entrées,,,NON,,FIXE,,B,171,120,1,49.20597298,28.99976298,9.208343209,12.58592083,83,42.91301256,48.959824,2.189151,"48.959824, 2.189151"
2,128541,CINEMA DU PALAIS,ILE-DE-FRANCE,40 ALLEE PARMENTIER,94028,Créteil,92984,94,851,Paris,10949158,02-Petite Couronne,3,490,6,430,5746,36917,-84.43535499,De 5 à 10 000 entrées,,,C,RDJPPR,FIXE,,B,48,15,9,77.90546803,9.52734013,10.65801668,1.909175162,42,93.56811863,48.786063,2.444158,"48.786063, 2.444158"
2,147084,CENTRE DES ARTS,ILE-DE-FRANCE,"12-16, RUE DE LA LIBERATION",95210,Enghien-les-Bains,11574,95,851,Paris,10949158,03-Grande couronne,1,320,46,389,14469,5818,148.6937092,De 10 à 20 000 entrées,,,C,JPPR,FIXE,,B,138,49,3,41.32247431,34.50649602,8.580570099,15.59045957,109,80.71553229,48.971934,2.305204,"48.971934, 2.305204"
2,148321,SALLE SERGE GAINSBOURG,ILE-DE-FRANCE,RUE DU GENERAL JULIEN,93031,Épinay-sur-Seine,54569,93,851,Paris,10949158,02-Petite Couronne,1,180,22,69,3654,2006,82.15353938,De 2 à 5 000 entrées,,,NON,,FIXE,,B,14,0,0,47.63296318,46.52250146,3.039158387,2.805376973,14,100,48.95411,2.312115,"48.95411, 2.312115"
2,164112,LE KOSMOS,ILE-DE-FRANCE,243TER AVENUE DE LA REPUBLIQUE,94033,Fontenay-sous-Bois,51807,94,851,Paris,10949158,02-Petite Couronne,1,190,51,1021,29770,16404,81.4801268,De 20 à 30 000 entrées,,,C,JP,FIXE,,B,194,130,5,63.64300447,15.89034032,11.97146786,8.49518735,163,80.59900309,48.852329,2.461111,"48.852329, 2.461111"
2,168193,CINE HENRI LANGLOIS,ILE-DE-FRANCE,32 BIS RUE DE LA STATION,95252,Franconville,37494,95,851,Paris,10949158,03-Grande couronne,2,518,53,3181,39193,15542,152.1747523,De 30 à 40 000 entrées,,,C,RDJPPR,FIXE,,B,324,227,39,52.01935867,27.80969632,14.70862933,5.462315682,199,37.91356522,48.988437,2.232576,"48.988437, 2.232576"
2,169572,M J C,ILE-DE-FRANCE,2 AV DU PARC DES SPORTS,94034,Fresnes,28679,94,851,Paris,10949158,02-Petite Couronne,1,158,41,285,11779,5850,101.3504274,De 10 à 20 000 entrées,,,NON,,FIXE,,B,46,17,2,30.50383352,36.88389923,28.10788609,4.504381161,25,57.91347207,48.752796,2.313077,"48.752796, 2.313077"
2,173332,JACQUES BREL A,ILE-DE-FRANCE,PLACE DE L'HOTEL DE VILLE,95268,Garges-lès-Gonesse,43294,95,851,Paris,10949158,03-Grande couronne,1,225,44,742,12659,5324,137.7723516,De 10 à 20 000 entrées,,,C,JP,FIXE,,B,153,107,2,42.86441368,26.00773616,12.53053746,18.5973127,72,60.55578176,48.971945,2.399817,"48.971945, 2.399817"
2,179852,CINE THEATRE JACQUES PREVERT,ILE-DE-FRANCE,PLACE AIME-CESAIRE,95277,Gonesse,25950,95,851,Paris,10949158,03-Grande couronne,1,223,50,1350,24033,13633,76.28548375,De 20 à 30 000 entrées,,,C,JPPR,FIXE,,B,318,219,5,55.2128745,20.38308135,9.289490771,15.11455338,208,61.55736945,48.999982,2.428131,"48.999982, 2.428131"
2,204534,SALLE PIERRE ET JACQUES PREVERT,ILE-DE-FRANCE,RUE DE PARIS,94042,Joinville-le-Pont,19278,94,851,Paris,10949158,02-Petite Couronne,1,300,44,223,11347,5086,123.1026347,De 10 à 20 000 entrées,,,NON,,FIXE,,B,140,113,0,67.63032733,11.76909447,17.35521776,3.24536044,62,37.53613728,48.816711,2.468136,"48.816711, 2.468136"
2,244715,LE CHAPLIN,ILE-DE-FRANCE,PLACE MENDES FRANCE,78361,Mantes-la-Jolie,44114,78,851,Paris,10949158,03-Grande couronne,1,300,35,129,7936,3058,159.5160235,De 5 à 10 000 entrées,,,NON,,FIXE,,B,45,16,2,70.45542511,6.889433621,14.46264998,8.192491291,41,97.25196749,49.000101,1.683456,"49.000101, 1.683456"
2,252712,LES 2 SCENES,ILE-DE-FRANCE,PLACE HENRI DUNANT,78380,Maule,6182,78,78301,Maule,10771,03-Grande couronne,1,102,50,1405,22048,12608,74.87309645,De 20 à 30 000 entrées,,,E,RDJPPR,FIXE,,C,246,213,1,67.92212874,16.30307181,10.0714146,5.703384856,149,45.0107611,48.916554,1.821165,"48.916554, 1.821165"
2,256983,CINEMA CONFLUENCES MENNECY,ILE-DE-FRANCE,ZAC MONTVRAIN II,91386,Mennecy,15914,91,851,Paris,10949158,03-Grande couronne,3,324,53,4382,70123,41885,67.41793005,De 50 à 80 000 entrées,,,C,,FIXE,,B,169,127,96,42.09974606,43.69869486,10.58288549,3.618673596,59,10.30975019,48.564849,2.441479,"48.564849, 2.441479"
2,260904,ESPACE CULTUREL ROBERT-DOISNEAU,ILE-DE-FRANCE,16 AV DE LATTRE DE TASSIGNY,92048,Meudon,46517,92,851,Paris,10949158,02-Petite Couronne,1,268,48,473,10627,4487,136.8397593,De 10 à 20 000 entrées,,,NON,,FIXE,,B,187,137,0,72.78794403,16.62002153,6.275565124,4.316469322,108,51.09795479,48.7873,2.23254,"48.7873, 2.23254"
2,267481,CINEMA  11X20 14,ILE-DE-FRANCE,21 RUE DE LA CROIX-ROUGE,77298,Mons-en-Montois,455,77,0,Zone rurale,14908533,03-Grande couronne,1,48,36,421,2125,1539,38.07667316,De 2 à 5 000 entrées,,,E,RDJPPR,FIXE,,R,193,130,2,62.25882353,10.25882353,17.83529412,9.647058824,173,82.72941176,48.490092,3.148397,"48.490092, 3.148397"
2,272392,LE CYRANO,ILE-DE-FRANCE,114 AVENUE DE LA REPUBLIQUE,91421,Montgeron,24217,91,851,Paris,10949158,03-Grande couronne,1,329,49,1201,32749,16417,99.48224402,De 30 à 40 000 entrées,,,C,RDJP,FIXE,,B,216,162,3,64.3660697,15.45225318,13.71629922,6.465377901,167,75.85827892,48.703763,2.46109,"48.703763, 2.46109"
2,292377,LE BIJOU,ILE-DE-FRANCE,PLACE DE LA LIBERATION,93051,Noisy-le-Grand,69352,93,851,Paris,10949158,02-Petite Couronne,3,416,53,5052,97234,60006,62.04046262,De 80 à 100 000 entrées,,,C,RDJPPR,FIXE,,B,247,136,77,58.41499117,25.33812393,8.272241175,7.97464373,195,68.57322591,48.849023,2.552482,"48.849023, 2.552482"
2,302485,CINEPAL,ILE-DE-FRANCE,AVENUE DU 8 MAI 1945,91477,Palaiseau,35056,91,851,Paris,10949158,03-Grande couronne,4,545,53,5501,118104,76354,54.67951908,De 100 à 150 000 entrées,,,C,JP,FIXE,,B,260,169,80,40.13548354,42.58214663,11.79727649,5.48509335,158,26.45822158,48.71031,2.243459,"48.71031, 2.243459"
2,303445,CINEMA L'AVANT-SCENE,ILE-DE-FRANCE,"1, RUE ALSACE-LORRAINE",91479,Paray-Vieille-Poste,7885,91,851,Paris,10949158,03-Grande couronne,1,314,41,164,4923,2567,91.78028827,De 2 à 5 000 entrées,,,NON,,FIXE,,B,107,85,2,48.58729775,30.28254045,17.67688964,3.453272156,49,37.8893987,48.712693,2.363281,"48.712693, 2.363281"
2,313013,UGC PLAISIR,ILE-DE-FRANCE,1170 AVENUE DE SAINT GERMAIN,78490,PLAISIR,31243,78,851,Paris,10949158,03-Grande couronne,9,1279,53,15277,250552,142657,75.63246108,De 200 à 300 000 entrées,UGC,,NON,,FIXE,,B,201,138,133,25.19683152,59.1397334,12.44941899,3.214016082,49,1.410076655,48.827362,1.966638,"48.827362, 1.966638"
2,314451,ESPACE PAUL VALERY,ILE-DE-FRANCE,72 ET 74 AVENUE ARDOUIN,94059,Le Plessis-Trévise,19733,94,851,Paris,10949158,02-Petite Couronne,1,340,46,261,4359,3241,34.49552607,De 2 à 5 000 entrées,,,NON,,FIXE,,B,54,45,1,77.17366368,4.198210599,11.67699014,6.951135582,16,24.56985547,48.80535,2.578145,"48.80535, 2.578145"
2,317291,C2L POISSY,ILE-DE-FRANCE,18 RUE CHARLES DE GAULLE,78498,Poissy,40049,78,851,Paris,10949158,03-Grande couronne,5,973,53,7519,93001,61212,51.93262759,De 80 à 100 000 entrées,UGC,,NON,,FIXE,,B,197,132,102,35.12106365,48.86499403,12.40779104,3.606151283,70,6.054826653,48.92287,2.029616,"48.92287, 2.029616"
2,338332,CINOCHE,ILE-DE-FRANCE,ALLEE JEAN WIENER,91521,Ris-Orangis,29829,91,851,Paris,10949158,03-Grande couronne,3,706,53,4172,53396,31580,69.08169728,De 50 à 80 000 entrées,,,C,RDJPPR,FIXE,,B,303,211,88,55.39350632,23.83880982,15.36343935,5.404244519,211,64.50731174,48.65291,2.418053,"48.65291, 2.418053"
2,341321,LA GRANGE,ILE-DE-FRANCE,FERME DE L'AYAU,77390,Roissy-en-Brie,22747,77,851,Paris,10949158,03-Grande couronne,1,192,53,676,12511,6912,81.00405093,De 10 à 20 000 entrées,,,NON,,FIXE,,B,157,129,1,35.42830099,42.83009938,18.28679602,3.454803597,44,12.97681022,48.793178,2.648662,"48.793178, 2.648662"
2,356871,TRIANON,ILE-DE-FRANCE,3 BIS RUE MARGUERITE RENAUDIN,92071,Sceaux,20721,92,851,Paris,10949158,02-Petite Couronne,1,270,48,1166,49976,29483,69.50785198,De 40 à 50 000 entrées,,,C,JPPR,FIXE,,B,242,158,8,63.3368984,14.70160428,13.67486631,8.286631016,190,75.45240642,48.777656,2.292628,"48.777656, 2.292628"
2,368403,SALLE PAUL ELUARD,ILE-DE-FRANCE,PLACE MARCEL POINTET,93072,Stains,39277,93,851,Paris,10949158,02-Petite Couronne,1,699,29,167,9528,5474,74.05918889,De 5 à 10 000 entrées,,,NON,,FIXE,,B,80,60,1,32.24494166,36.92324162,25.37201584,5.459800878,20,22.12825179,48.951678,2.381372,"48.951678, 2.381372"
2,370073,ESPACE JEAN-MARIE POIRIER,ILE-DE-FRANCE,ESPLANADE DU 18 JUIN 1940,94071,Sucy-en-Brie,27318,94,851,Paris,10949158,02-Petite Couronne,1,205,46,374,18300,7840,133.4183673,De 10 à 20 000 entrées,,,NON,,FIXE,,B,150,122,1,69.74296206,17.26438188,10.94859241,2.044063647,73,43.54345165,48.772452,2.512597,"48.772452, 2.512597"
2,379671,LES TROIS PIERROTS,ILE-DE-FRANCE,6-8 RUE DU MONT VALERIEN,92064,Saint-Cloud,30115,92,851,Paris,10949158,02-Petite Couronne,2,466,30,844,17044,19156,-11.02526624,De 10 à 20 000 entrées,,,C,,FIXE,,B,142,99,37,58.36175396,12.91108404,19.73812424,8.989037759,90,55.11571255,48.852362,2.216385,"48.852362, 2.216385"
2,386873,LES 4 PERRAY,ILE-DE-FRANCE,44-46 AVENUE GABRIEL PERI,91549,Sainte-Geneviève-des-Bois,36190,91,851,Paris,10949158,03-Grande couronne,4,731,53,4686,50349,8766,474.366872,De 50 à 80 000 entrées,,,NON,,FIXE,,B,231,182,103,40.72826306,45.51543272,9.152713335,4.603590882,87,8.367964495,48.647173,2.327732,"48.647173, 2.327732"
2,406812,CINES CARNE,ILE-DE-FRANCE,PLACE MARCEL CARNE,91570,Saint-Michel-sur-Orge,21441,91,851,Paris,10949158,03-Grande couronne,3,496,50,2841,48190,32429,48.60156033,De 40 à 50 000 entrées,,,C,RDJPPR,FIXE,,B,302,206,41,65.56178132,19.61340264,10.57854587,4.246270168,222,69.89356196,48.637713,2.320768,"48.637713, 2.320768"
2,437561,STUDIO DES CHAMPS LASNIERS,ILE-DE-FRANCE,AVENUE DU BERRY,91692,Les Ulis,25299,91,851,Paris,10949158,03-Grande couronne,1,210,49,681,12771,8973,42.32698094,De 10 à 20 000 entrées,,,NON,,FIXE,,B,195,143,0,53.33731225,22.69969163,14.14503133,9.817964787,115,52.72058092,48.682507,2.169714,"48.682507, 2.169714"
2,442370,CINEMA CONFLUENCES VARENNES,ILE-DE-FRANCE,PETIT FOSSARD,77482,Varennes-sur-Seine,3732,77,77403,Montereau-Fault-Yonne,31257,03-Grande couronne,9,1603,53,14437,212250,126521,67.75871199,De 200 à 300 000 entrées,,,NON,,FIXE,,B,276,200,189,33.71144526,49.63329043,12.52314361,4.132120696,97,6.459159606,48.367677,2.957289,"48.367677, 2.957289"
2,462304,CINEMA SORANO,ILE-DE-FRANCE,1 RUE CHARLES PATHE,94080,Vincennes,50168,94,851,Paris,10949158,02-Petite Couronne,1,204,9,15,848,67,1165.671642,Moins de 2000 entrées,,,NON,,FIXE,,B,8,0,0,26.5917603,73.4082397,0,0,8,100,48.849453,2.437319,"48.849453, 2.437319"
2,718750,KINEPOLIS BRETIGNY,ILE-DE-FRANCE,5 RUE MICHELE MORGAN,91103,Brétigny-sur-Orge,27361,91,851,Paris,10949158,03-Grande couronne,10,1508,53,28461,781856,463313,68.753305,De 700 000 à 1 million d'entrées,KINEPOLIS,,NON,,FIXE,,B,252,180,172,26.49646215,55.80054344,12.80494086,4.898053552,28,2.076928536,48.5792468,2.2996357,"48.57924680000001, 2.2996356999999534"
2,724000,CINE PINCE VENT,ILE-DE-FRANCE,CENTRE COMMERCIAL PINCE VENT 85 ROUTE DE PROVINS,94019,Chennevières-sur-Marne,18115,94,851,Paris,10949158,02-Petite Couronne,8,1606,53,13410,207537,123206,68.44715355,De 200 à 300 000 entrées,,,NON,,FIXE,,B,174,156,149,34.52311406,49.7902233,11.90585395,3.78080869,32,5.181412191,48.7946166,2.5525719,"48.7946166, 2.5525718999999754"
2,724320,UGC CINE CITE PARLY,ILE-DE-FRANCE,2 AVENUE CHARLES DE GAULLE,78158,Le Chesnay,31707,78,851,Paris,10949158,03-Grande couronne,12,2199,53,17295,442606,269519,64.22070429,De 300 à 450 000 entrées,UGC,,NON,,FIXE,,B,258,181,180,43.47778728,40.17418891,12.0611522,4.286871612,111,16.89809404,48.827796,2.116072,"48.827796, 2.116072"
1,54,GAUMONT CHAMPS ELYSEES MARIGNAN,ILE-DE-FRANCE,27/33 AVENUE DES CHAMPS ELYSEES,75108,Paris 8e Arrondissement,36218,75,851,Paris,10949158,01-Paris,6,1597,53,7911,206777,169651,21.88374958,De 200 à 300 000 entrées,PATHE-GAUMONT,,NON,,FIXE,,C,132,101,86,20.45010411,59.50490517,14.71304879,5.331941935,17,2.988388062,48.869654,2.306873,"48.869654, 2.306873"
1,321,PATHE,ILE-DE-FRANCE,32 RUE LOUIS LEGRAND,75102,Paris 2e Arrondissement,21277,75,851,Paris,10949158,01-Paris,6,1138,53,9024,269401,181402,48.51049051,De 200 à 300 000 entrées,PATHE-GAUMONT,,NON,,FIXE,,C,128,107,89,42.56332091,36.77731361,14.43227579,6.227089684,54,30.19269128,48.870632,2.334338,"48.870632, 2.334338"
1,481,GAUMONT PARNASSE,ILE-DE-FRANCE,3 RUE D'ODESSA,75114,Paris 14e Arrondissement,134926,75,851,Paris,10949158,01-Paris,15,2876,53,20220,463860,475104,-2.366639725,De 450 à 700 000 entrées,PATHE-GAUMONT,,NON,,FIXE,,C,259,222,189,45.45930084,31.57609144,18.5591311,4.405476621,122,32.41824788,48.843074,2.324424,"48.843074, 2.324424"
1,803,BRETAGNE,ILE-DE-FRANCE,73 BD DU MONTPARNASSE,75106,Paris 6e Arrondissement,40452,75,851,Paris,10949158,01-Paris,2,736,51,2420,20543,3804,440.0368034,De 20 à 30 000 entrées,PATHE-GAUMONT,,NON,,FIXE,,C,54,52,26,9.852504503,71.450129,10.69950835,7.997858151,7,3.17869834,48.843752,2.324925,"48.843752, 2.324925"
1,814,LUCERNAIRE FORUM,ILE-DE-FRANCE,53 RUE NOTRE DAME DES CHAMPS,75106,Paris 6e Arrondissement,40452,75,851,Paris,10949158,01-Paris,3,148,53,5611,38871,14232,173.123946,De 30 à 40 000 entrées,,,A,RDJPPR,FIXE,,C,281,155,11,53.36213811,14.44464568,24.01748985,8.175726372,248,91.96398541,48.844244,2.330407,"48.844244, 2.330407"
1,1681,UGC CINE CITE LES HALLES,ILE-DE-FRANCE,101 RUE BERGER,75101,Paris 1er Arrondissement,16149,75,851,Paris,10949158,01-Paris,27,3896,53,61489,2221205,1408789,57.6676848,Plus de 2 millions d'entrées,UGC,,NON,,FIXE,,C,567,419,403,40.44665683,35.3489861,15.89579448,8.308562588,345,40.98046225,48.861424,2.345829,"48.861424, 2.345829"
1,2543,MAC MAHON,ILE-DE-FRANCE,5/7 AV MAC MAHON,75117,Paris 17e Arrondissement,167765,75,851,Paris,10949158,01-Paris,1,137,17,258,3503,,,De 2 à 5 000 entrées,,,NON,,FIXE,,C,44,4,0,64.07599309,34.22567645,1.698330455,0,35,88.05411629,48.875715,2.294655,"48.875715, 2.294655"
1,7394,GAUMONT CONVENTION,ILE-DE-FRANCE,27 RUE ALAIN CHARTIER,75115,Paris 15e Arrondissement,231186,75,851,Paris,10949158,01-Paris,9,1263,53,16389,377741,245633,53.78267578,De 300 à 450 000 entrées,PATHE-GAUMONT,,NON,,FIXE,,C,233,200,175,58.8172907,19.64566929,13.7607799,7.77626011,149,56.29385613,48.837759,2.296259,"48.837759, 2.296259"
1,8132,GAUMONT ALESIA,ILE-DE-FRANCE,73 AVENUE DU GENERAL LECLERC,75114,Paris 14e Arrondissement,134926,75,851,Paris,10949158,01-Paris,8,1384,53,15694,354276,236317,49.9155795,De 300 à 450 000 entrées,PATHE-GAUMONT,,NON,,FIXE,,C,244,198,137,40.83157808,38.76175356,15.38031814,5.026350217,99,18.52866316,48.828166,2.327463,"48.828166, 2.327463"
1,8291,L ARLEQUIN PANORAMA,ILE-DE-FRANCE,76 RUE DE RENNES,75106,Paris 6e Arrondissement,40452,75,851,Paris,10949158,01-Paris,3,591,53,5306,119071,56442,110.9616952,De 100 à 150 000 entrées,,,A,RDPR,FIXE,,C,281,113,65,45.08935849,16.35221745,21.98742203,16.57100203,162,89.94363079,48.851278,2.330648,"48.851278, 2.330648"
1,8361,ESPACE SAINT MICHEL,ILE-DE-FRANCE,7 PLACE ST MICHEL,75105,Paris 5e Arrondissement,58050,75,851,Paris,10949158,01-Paris,2,210,53,4194,37271,19574,90.41074895,De 30 à 40 000 entrées,,,A,RD,FIXE,,C,79,36,36,63.03023799,2.159856188,20.64607872,14.1638271,71,89.58171232,48.853093,2.344228,"48.853093, 2.344228"
1,8374,ECOLES CINEMA CLUB,ILE-DE-FRANCE,23 RUE DES ECOLES,75105,Paris 5e Arrondissement,58050,75,851,Paris,10949158,01-Paris,2,200,53,3215,54897,28503,92.60077887,De 50 à 80 000 entrées,,,A,PR,FIXE,,C,400,6,1,36.18694963,46.03736045,11.31130025,6.464389669,336,86.84646844,48.848384,2.348973,"48.848384, 2.348973"
1,8425,QUARTIER LATIN I,ILE-DE-FRANCE,9 RUE CHAMPOLLION,75105,Paris 5e Arrondissement,58050,75,851,Paris,10949158,01-Paris,2,164,53,3609,112415,53849,108.7596798,De 100 à 150 000 entrées,,,A,,FIXE,,C,535,1,1,15.78496772,51.641815,14.66129205,17.91192523,479,95.91909535,48.849504,2.342788,"48.849504, 2.342788"
1,8661,ESCURIAL,ILE-DE-FRANCE,11 BD PORT ROYAL,75113,Paris 13e Arrondissement,179013,75,851,Paris,10949158,01-Paris,2,329,51,3529,76214,38331,98.83123321,De 50 à 80 000 entrées,,,A,RDJP,FIXE,,C,193,105,54,68.13268992,6.559713286,9.813466531,15.49413026,169,95.84744328,48.836817,2.349632,"48.836817, 2.349632"
1,9616,MK2 A&E,ILE-DE-FRANCE,15/43 QUAI FRANCOIS MAURIAC,75113,Paris 13e Arrondissement,179013,75,851,Paris,10949158,01-Paris,4,520,53,9035,110360,67946,62.4231007,De 100 à 150 000 entrées,MK2,,NON,,FIXE,,C,279,181,58,46.90956645,15.69010298,9.774415606,27.62591496,181,77.17638084,48.832993,2.378615,"48.832993, 2.378615"
1,9700,PATHE BEAUGRENELLE,ILE-DE-FRANCE,7 RUE LINOIS,75115,Paris 15e Arrondissement,231186,75,851,Paris,10949158,01-Paris,10,1962,53,18824,632788,421618,50.08562253,De 450 à 700 000 entrées,PATHE-GAUMONT,,NON,,FIXE,,C,237,192,139,32.93636684,46.63131225,15.55057377,4.881747142,91,12.87667039,48.848895,2.282585,"48.848895, 2.282585"
1,9906,UGC CINE CITE PARIS 19,ILE-DE-FRANCE,166 BOULEVARD MAC DONALD,75119,Paris 19e Arrondissement,184156,75,851,Paris,10949158,01-Paris,14,2790,53,24638,296834,204005,45.50329649,De 200 à 300 000 entrées,UGC,,NON,,FIXE,,C,361,272,238,35.82944722,45.63562496,13.09818663,5.436741195,178,20.84095372,48.898991,2.376757,"48.898991, 2.376757"
2,10552,SALLE CHARLES CHAPLIN,ILE-DE-FRANCE,ESPACE CULTUREL ALAIN POHER 7 AVENUE AUGUSTE DURU,94001,Ablon-sur-Seine,5938,94,851,Paris,10949158,02-Petite Couronne,1,209,43,131,3039,1033,194.1916747,De 2 à 5 000 entrées,,,NON,,FIXE,,B,103,86,2,41.04534973,40.54573405,13.10530361,5.303612606,53,34.35818601,48.724181,2.420302,"48.724181, 2.420302"
2,22634,JEAN VILAR,ILE-DE-FRANCE,1 RUE PAUL SIGNAC,94003,Arcueil,21962,94,851,Paris,10949158,02-Petite Couronne,2,328,49,2123,20396,12479,63.44258354,De 20 à 30 000 entrées,,,C,RDJPPR,FIXE,,B,358,253,3,61.64399421,11.43849493,14.12445731,12.79305355,286,80.37626628,48.801352,2.330702,"48.801352, 2.330702"
2,27573,CINEMA VENTURA,ILE-DE-FRANCE,RUE SAMUEL DESBORDES,91027,Athis-Mons,35927,91,851,Paris,10949158,03-Grande couronne,1,175,49,626,9731,4543,114.1976667,De 5 à 10 000 entrées,,,C,,FIXE,,B,209,165,2,49.27666112,27.12840865,19.93342722,3.661503009,124,64.34515427,48.7102,2.388137,"48.7102, 2.388137"
2,54292,LA BARBACANE,ILE-DE-FRANCE,PLACE DU 8 MAI 1945,78062,Beynes,7697,78,78205,Beynes,8220,03-Grande couronne,1,292,41,336,7868,5420,45.16605166,De 5 à 10 000 entrées,,,E,JP,FIXE,,C,138,110,1,71.76632302,14.63917526,12.24742268,1.347079038,68,49.56701031,48.855732,1.875104,"48.855732, 1.875104"
2,54692,THEATRE PAUL ELUARD,ILE-DE-FRANCE,162 RUE MAURICE BERTEAUX,95063,Bezons,31978,95,851,Paris,10949158,03-Grande couronne,2,598,53,1538,27503,14373,91.35184026,De 20 à 30 000 entrées,,,C,JP,FIXE,,B,283,223,9,48.34458245,28.0003195,12.40464875,11.2504493,146,44.21103079,48.931156,2.207081,"48.931156, 2.207081"
2,57582,CINEMA LOUIS DAQUIN,ILE-DE-FRANCE,76 RUE VICTOR HUGO,93007,Le Blanc-Mesnil,58116,93,851,Paris,10949158,02-Petite Couronne,3,447,53,3534,49870,29623,68.34891807,De 40 à 50 000 entrées,,,C,JP,FIXE,,B,287,222,46,52.78206088,27.23467994,12.57984933,7.403409842,154,28.9418036,48.941761,2.457313,"48.941761, 2.457313"
2,59033,AUDITORIUM BOURSE TRAVAIL,ILE-DE-FRANCE,11 RUE DU 8 MAI 1945,93008,Bobigny,55066,93,851,Paris,10949158,02-Petite Couronne,1,400,42,671,11279,5211,116.4459797,De 10 à 20 000 entrées,,,C,RDJPPR,ITINERANT,,B,173,122,1,50.56145675,39.00859889,4.957005564,5.472938796,112,64.19828022,48.90951,2.436542,"48.90951, 2.436542"
2,59604,JEAN RENOIR,ILE-DE-FRANCE,RUE DU GENERAL LECLERC,92009,Bois-Colombes,29817,92,851,Paris,10949158,02-Petite Couronne,1,300,47,377,10647,6517,63.37271751,De 10 à 20 000 entrées,,,NON,,FIXE,,B,107,69,0,61.14875766,21.38324191,10.16456922,7.303431214,54,47.90792729,48.916548,2.266897,"48.916548, 2.266897"
2,59690,LA GRANGE DE LA TREMBLAYE,ILE-DE-FRANCE,RUE DU PARC,78073,Bois-d'Arcy,15184,78,851,Paris,10949158,03-Grande couronne,1,338,40,599,10561,4607,129.2381159,De 10 à 20 000 entrées,,,NON,,FIXE,,B,184,148,1,62.21421215,27.06488157,6.426364573,4.29454171,80,40.29866117,48.800013,2.023763,"48.800013, 2.023763"
2,62121,GERARD PHILIPE,ILE-DE-FRANCE,2 RUE PABLO NERUDA,94011,Bonneuil-sur-Marne,18488,94,851,Paris,10949158,02-Petite Couronne,1,245,44,476,8473,3070,175.9934853,De 5 à 10 000 entrées,,,NON,,FIXE,,B,114,91,1,58.90080024,25.23025819,11.18828326,4.680658312,44,43.21304545,48.774577,2.486664,"48.774577, 2.486664"
2,97431,STUDIO 66,ILE-DE-FRANCE,66 RUE JEAN JAURES,94017,Champigny-sur-Marne,77751,94,851,Paris,10949158,02-Petite Couronne,5,944,53,8223,97939,64401,52.07683111,De 80 à 100 000 entrées,,,C,JP,FIXE,,B,270,192,118,28.07153142,53.71844825,11.20193122,7.008089107,140,16.89712858,48.814397,2.508133,"48.814397, 2.508133"
2,120293,ARCEL,ILE-DE-FRANCE,15 PLACE LEON CASSE,91174,Corbeil-Essonnes,52613,91,851,Paris,10949158,03-Grande couronne,3,380,53,3670,37609,20876,80.15424411,De 30 à 40 000 entrées,,,C,JPPR,FIXE,,B,354,251,91,45.14021011,37.02263766,13.53572118,4.301431053,197,35.37099843,48.603813,2.469302,"48.603813, 2.469302"
2,123914,ABEL GANCE,ILE-DE-FRANCE,184 BD ST DENIS,92026,Courbevoie,82701,92,851,Paris,10949158,02-Petite Couronne,1,139,50,1518,39241,21984,78.49799854,De 30 à 40 000 entrées,,,C,JP,FIXE,,B,267,170,2,57.00246404,19.87565183,11.29734686,11.82453728,180,65.63234199,48.901327,2.271867,"48.901327, 2.271867"
2,144262,L'ORANGE BLEUE,ILE-DE-FRANCE,7 RUE JEAN MERMOZ,95203,Eaubonne,25782,95,851,Paris,10949158,03-Grande couronne,1,345,35,111,7498,3001,149.85005,De 5 à 10 000 entrées,,,NON,,FIXE,,B,68,48,0,55.22929128,15.26191771,7.377197752,22.13159326,57,82.59923872,48.992968,2.278288,"48.992968, 2.278288"
2,162844,ERMITAGE,ILE-DE-FRANCE,6 RUE DE FRANCE,77186,Fontainebleau,16368,77,77406,Fontainebleau,38052,03-Grande couronne,5,944,53,6476,61256,36613,67.30669434,De 50 à 80 000 entrées,,,D,RDJPPR,FIXE,,C,306,199,158,75.03859661,6.921941537,11.32619649,6.713265358,241,75.55265256,48.404394,2.699594,"48.404394, 2.699594"
2,172043,THEATRE ANDRE MALRAUX,ILE-DE-FRANCE,1 BIS RUE GUILLEMETEAU,93032,Gagny,39817,93,851,Paris,10949158,02-Petite Couronne,1,450,48,534,10589,4664,127.0368782,De 10 à 20 000 entrées,,,C,,FIXE,,B,220,171,0,62.12090372,20.92407897,11.00142479,5.95359251,132,67.54528801,48.884043,2.529952,"48.884043, 2.529952"
2,201524,LE CONTI,ILE-DE-FRANCE,PLACE DU PATIS,95313,L' Isle-Adam,11923,95,851,Paris,10949158,03-Grande couronne,5,739,53,6281,74293,47512,56.36681259,De 50 à 80 000 entrées,,,C,,FIXE,,B,312,225,129,49.11778929,35.35751295,10.81036269,4.71433506,131,12.83868739,49.110771,2.211976,"49.110771, 2.211976"
2,202214,CINE D ISSY,ILE-DE-FRANCE,MAIL RAYMOND MENAND,92040,Issy-les-Moulineaux,68641,92,851,Paris,10949158,02-Petite Couronne,1,376,47,457,18275,14057,30.0064025,De 10 à 20 000 entrées,,,NON,,FIXE,,B,99,81,17,61.62141021,29.45580512,7.458933959,1.46385071,52,38.17744999,48.825247,2.271161,"48.825247, 2.271161"
2,206924,CINEMA AGNES VARDA,ILE-DE-FRANCE,37-39 GRANDE RUE,91326,Juvisy-sur-Orge,17773,91,851,Paris,10949158,03-Grande couronne,1,123,49,915,13353,6265,113.1364725,De 10 à 20 000 entrées,,,C,,FIXE,,B,243,176,3,55.8011497,24.3543033,16.04728362,3.797263379,149,67.12007125,48.688996,2.376314,"48.688996, 2.376314"
2,224413,PATHE,ILE-DE-FRANCE,28 RUE D'ALSACE,92044,Levallois-Perret,67809,92,851,Paris,10949158,02-Petite Couronne,8,1538,53,11450,337870,239649,40.98535775,De 300 à 450 000 entrées,PATHE-GAUMONT,,NON,,FIXE,,B,247,202,150,32.88522982,49.72522328,14.06755733,3.321989568,100,9.310308957,48.891726,2.296363,"48.891726, 2.296363"
2,241923,THEATRE CLAUDE DEBUSSY,ILE-DE-FRANCE,116 AVENUE DU GENERAL DE GAULLE,94046,Maisons-Alfort,57944,94,851,Paris,10949158,02-Petite Couronne,1,406,41,173,13968,7909,76.60892654,De 10 à 20 000 entrées,,,NON,,FIXE,,B,90,83,0,82.93061405,9.199733984,5.85975024,2.009901722,55,52.36089559,48.801474,2.430493,"48.801474, 2.430493"
2,248192,FONTENELLE,ILE-DE-FRANCE,10 RUE CARNOT,78372,Marly-le-Roi,16857,78,851,Paris,10949158,03-Grande couronne,2,336,53,2555,46625,27639,68.69278917,De 40 à 50 000 entrées,,,C,JPPR,FIXE,,B,305,214,69,72.96875,13.27678571,9.366071429,4.388392857,194,53.03125,48.871284,2.095564,"48.871284, 2.095564"
2,255991,VARIETES,ILE-DE-FRANCE,20 BD CHAMBLAIN,77288,Melun,41867,77,851,Paris,10949158,03-Grande couronne,3,566,53,3093,36147,20537,76.00915421,De 30 à 40 000 entrées,,,C,JP,FIXE,,B,332,223,76,51.77948973,31.14033803,12.49011395,4.590058291,173,39.36260582,48.533449,2.6548,"48.533449, 2.6548"
2,260903,CENTRE D ART ET DE CULTURE,ILE-DE-FRANCE,15 BOULEVARD DES NATIONS-UNIES,92048,Meudon,46517,92,851,Paris,10949158,02-Petite Couronne,1,458,47,488,19581,11563,69.3418663,De 10 à 20 000 entrées,,,NON,,FIXE,,B,227,139,0,52.56644469,21.46266722,16.35335023,9.617537863,163,67.98279215,48.81334,2.235774,"48.81334, 2.235774"
2,284362,LA BERGERIE,ILE-DE-FRANCE,COUR EMILE ZOLA,77327,Nangis,8990,77,77208,Nangis,8990,03-Grande couronne,1,132,42,591,7492,2329,221.6831258,De 5 à 10 000 entrées,,,E,JPPR,FIXE,,I,131,91,0,51.46189487,26.68157853,14.23550088,7.621025723,55,51.54177984,48.555127,3.0133,"48.555127, 3.0133"
2,284502,CAP CINEMA NANTERRE,ILE-DE-FRANCE,200 ALLEE DE CORSE,92050,Nanterre,96402,92,851,Paris,10949158,02-Petite Couronne,10,1491,53,19005,130146,61109,112.9735391,De 100 à 150 000 entrées,CGR,,NON,,FIXE,,B,225,165,161,18.43528024,59.33332819,11.56417989,10.66721169,19,1.537108878,48.900167,2.21295,"48.900167, 2.21295"
2,286831,MELIES,ILE-DE-FRANCE,9 RUE BEZOUT,77333,Nemours,13109,77,77401,Nemours,21148,03-Grande couronne,3,507,53,2390,25690,15102,70.10991922,De 20 à 30 000 entrées,,,NON,,FIXE,,C,134,92,47,31.96890763,50.38038535,15.24022162,2.410485405,55,15.60820309,48.265654,2.695374,"48.265654, 2.695374"
2,298964,SALLE ARAGON,ILE-DE-FRANCE,1 PLACE DU FER A CHEVAL,94054,Orly,24526,94,851,Paris,10949158,02-Petite Couronne,1,388,46,421,13366,8942,49.47439052,De 10 à 20 000 entrées,,,NON,,FIXE,,B,143,92,0,38.50970018,32.6984127,22.01058201,6.781305115,64,47.21340388,48.742445,2.395558,"48.742445, 2.395558"
2,301781,LE PIERRE BRASSEUR,ILE-DE-FRANCE,103 AV DU GENERAL DE GAULLE,77350,Ozoir-la-Ferrière,20921,77,851,Paris,10949158,03-Grande couronne,1,171,53,459,8165,5042,61.93970647,De 5 à 10 000 entrées,,,NON,,FIXE,,B,116,99,1,73.74114137,11.0282233,12.44560487,2.785030461,33,27.61407435,48.762604,2.664715,"48.762604, 2.664715"
2,303281,CINE 104,ILE-DE-FRANCE,104 AV JEAN LOLIVE,93055,Pantin,60597,93,851,Paris,10949158,02-Petite Couronne,3,457,48,3062,76341,50331,51.67789235,De 50 à 80 000 entrées,,,C,RDJPPR,FIXE,,B,281,165,73,65.07515082,17.05385194,6.63303686,11.23796038,218,83.61874419,48.89218,2.408907,"48.89218, 2.408907"
2,318801,APOLLO,ILE-DE-FRANCE,62 AVENUE DE LA REPUBLIQUE,77373,Pontault-Combault,37804,77,851,Paris,10949158,03-Grande couronne,2,295,50,2742,43352,25235,71.79314444,De 40 à 50 000 entrées,,,C,JP,FIXE,,B,271,203,16,46.11073101,32.08252197,14.97026472,6.83648229,142,38.46902795,48.803412,2.611316,"48.803412, 2.611316"
2,326550,LE REXY,ILE-DE-FRANCE,QUARTIER DELORT,77379,Provins,12394,77,77303,Provins,13717,03-Grande couronne,4,570,53,6466,74307,45341,63.88478419,De 50 à 80 000 entrées,,,E,,FIXE,,C,217,153,86,34.03195797,49.86866586,13.40839444,2.690981723,106,11.26463828,48.559158,3.304398,"48.559158, 3.304398"
2,347175,ARIEL HAUTS DE RUEIL,ILE-DE-FRANCE,59 AVENUE DE FOUILLEUSE,92063,Rueil-Malmaison,79713,92,851,Paris,10949158,02-Petite Couronne,3,688,53,3882,96002,63062,52.23430909,De 80 à 100 000 entrées,,,NON,,FIXE,,B,128,99,67,25.72989423,59.35733381,11.66457094,3.248201021,41,5.835983812,48.862565,2.194794,"48.862565, 2.194794"
2,381152,LES YEUX D ELSA,ILE-DE-FRANCE,11 BIS AVE JEAN JAURES,78545,Saint-Cyr-l'École,21244,78,851,Paris,10949158,03-Grande couronne,1,168,47,731,14850,5149,188.4055156,De 10 à 20 000 entrées,,,C,JP,FIXE,,B,192,159,1,63.60706063,21.33537989,11.48887183,3.568687644,116,49.90023024,48.799763,2.067533,"48.799763, 2.067533"
2,388971,C 2 L,ILE-DE-FRANCE,25/27/29 RUE DU VIEUX MARCHE,78551,Saint-Germain-en-Laye,46171,78,851,Paris,10949158,03-Grande couronne,5,742,53,7003,115221,73467,56.83368043,De 100 à 150 000 entrées,UGC,,C,,FIXE,,B,229,135,104,49.6713215,34.1347408,12.34631237,3.847625341,120,30.21755387,48.896605,2.090977,"48.896605, 2.090977"
2,408441,ESPACE 1789,ILE-DE-FRANCE,7/9 RUE DES ROSIERS,93070,Saint-Ouen,51656,93,851,Paris,10949158,02-Petite Couronne,2,668,50,2615,59887,34095,75.64745564,De 50 à 80 000 entrées,,,C,RDJPPR,FIXE,,B,258,182,37,63.57375206,19.92088671,9.875105417,6.630255813,208,75.16766395,48.904144,2.339193,"48.904144, 2.339193"
2,433972,JACQUES TATI,ILE-DE-FRANCE,29 BIS AV CHARLES DE GAULLE,93073,Tremblay-en-France,36653,93,851,Paris,10949158,02-Petite Couronne,3,524,52,4139,64405,33776,90.6827333,De 50 à 80 000 entrées,,,C,PR,FIXE,,B,300,201,41,44.93042822,38.48560026,8.855571136,7.728400388,205,41.34577356,48.99649,2.550261,"48.99649, 2.550261"
2,433975,PATHE,ILE-DE-FRANCE,RUE DES BUISSONS,93073,Tremblay-en-France,36653,93,851,Paris,10949158,02-Petite Couronne,12,2380,53,19971,582447,363971,60.02566139,De 450 à 700 000 entrées,PATHE-GAUMONT,,NON,,FIXE,,B,181,122,116,15.02321925,67.63991023,13.40804176,3.928828764,21,1.41573669,48.991044,2.524032,"48.991044, 2.524032"
2,443601,LE NORMANDY,ILE-DE-FRANCE,72 BOULEVARD DE LA REPUBLIQUE,92076,Vaucresson,8941,92,851,Paris,10949158,02-Petite Couronne,2,295,52,2334,30505,20029,52.30415897,De 30 à 40 000 entrées,UGC,,C,,FIXE,,B,245,162,47,72.65983275,12.67197194,10.25424872,4.413946588,145,47.83180469,48.837881,2.157499,"48.837881, 2.157499"
2,449542,ESPACE BERNARD MANTIENNE,ILE-DE-FRANCE,VOIE DE L'AULNE,91645,Verrières-le-Buisson,14931,91,851,Paris,10949158,03-Grande couronne,2,491,49,1724,24994,16808,48.70299857,De 20 à 30 000 entrées,,,C,JP,FIXE,,B,271,202,5,67.73118461,13.68967263,14.3477894,4.231353358,173,54.00354371,48.754993,2.269638,"48.754993, 2.269638"
2,455770,LE COLOMBIER,ILE-DE-FRANCE,PLACE CHARLES DE GAULLE,92077,Ville-d'Avray,11170,92,851,Paris,10949158,02-Petite Couronne,1,279,48,323,4860,2961,64.1337386,De 2 à 5 000 entrées,,,C,,FIXE,,B,221,185,0,64.62434713,14.38328646,14.58417035,6.408196063,128,57.71394134,48.824654,2.18397,"48.824654, 2.18397"
2,461663,LE CASINO,ILE-DE-FRANCE,13 RUE GUILLAUME BUDE,94079,Villiers-sur-Marne,29820,94,851,Paris,10949158,02-Petite Couronne,1,220,51,1076,19197,10379,84.96001542,De 10 à 20 000 entrées,,,C,,FIXE,,B,270,202,3,56.3646436,18.20755878,11.41819525,14.00960236,161,51.79736551,48.826124,2.542402,"48.826124, 2.542402"
2,463353,CALYPSO A,ILE-DE-FRANCE,38 RUE VICTOR BASCH,91687,Viry-Châtillon,31297,91,851,Paris,10949158,03-Grande couronne,3,551,53,3413,64674,38867,66.39822986,De 50 à 80 000 entrées,,,C,JP,FIXE,,B,346,228,41,44.71506836,37.05798242,14.64743023,3.579518982,214,28.98157222,48.681815,2.379391,"48.681815, 2.379391"
2,463931,3 CINES ROBESPIERRE,ILE-DE-FRANCE,19 AVENUE MAXIMILIEN ROBESPIERRE,94081,Vitry-sur-Seine,96138,94,851,Paris,10949158,02-Petite Couronne,3,509,53,4702,58289,34208,70.39581384,De 50 à 80 000 entrées,,,C,RDJPPR,FIXE,,B,432,297,49,46.99683878,31.96542169,14.49478984,6.542949694,282,43.63852789,48.790948,2.388152,"48.790948, 2.388152"
2,575001,MEGARAMA,ILE-DE-FRANCE,44 AVENUE DE LA LONGUE BERTRANE,92078,Villeneuve-la-Garenne,24670,92,851,Paris,10949158,02-Petite Couronne,18,3728,53,29616,354153,234993,50.70789343,De 300 à 450 000 entrées,MEGARAMA,,NON,,FIXE,,B,277,206,204,22.61203013,59.49281956,11.55935096,6.335799343,57,2.798704638,48.930677,2.320895,"48.930677, 2.320895"
2,724440,KINEPOLIS SERVON,ILE-DE-FRANCE,ZAC DE NOYER AUX PERDRIX,77450,SERVON,3359,77,851,Paris,10949158,03-Grande couronne,9,1209,53,14250,170882,99839,71.15756368,De 150 à 200 000 entrées,KINEPOLIS,,NON,,FIXE,,B,229,165,158,27.9581621,56.25121605,11.20708461,4.583537236,19,1.070120927,48.718766,2.589559,"48.718766, 2.589559"
1,31,UGC NORMANDIE,ILE-DE-FRANCE,116 AVENUE DES CHAMPS ELYSEES,75108,Paris 8e Arrondissement,36218,75,851,Paris,10949158,01-Paris,4,1533,53,6966,148007,119434,23.92367333,De 100 à 150 000 entrées,UGC,,NON,,FIXE,,C,125,79,77,44.70344051,36.50531204,12.451277,6.33997045,54,23.97523394,48.872265,2.300938,"48.872265, 2.300938"
1,204,UGC OPERA,ILE-DE-FRANCE,32 BD DES ITALIENS,75109,Paris 9e Arrondissement,60784,75,851,Paris,10949158,01-Paris,4,722,53,6840,110063,81837,34.49051163,De 100 à 150 000 entrées,UGC,,NON,,FIXE,,C,111,71,71,55.64449452,27.05359658,12.6227706,4.679138312,55,23.24759456,48.871332,2.335302,"48.871332, 2.335302"
1,733,STUDIO GALANDE,ILE-DE-FRANCE,42 RUE GALANDE,75105,Paris 5e Arrondissement,58050,75,851,Paris,10949158,01-Paris,1,97,53,996,13643,8084,68.76546264,De 10 à 20 000 entrées,,,A,,FIXE,,C,155,110,4,25.68362246,4.697147898,53.33725375,16.28197589,115,87.83446045,48.851619,2.347076,"48.851619, 2.347076"
1,821,PARNASSIEN,ILE-DE-FRANCE,98 BD DU MONTPARNASSE,75114,Paris 14e Arrondissement,134926,75,851,Paris,10949158,01-Paris,7,842,53,13507,216828,95714,126.5373926,De 200 à 300 000 entrées,,,A,RD,FIXE,,C,248,153,134,63.36217679,5.584635766,15.32115361,15.73203383,201,94.58166186,48.842443,2.327625,"48.842443, 2.327625"
1,1031,PUBLICIS ELYSEES,ILE-DE-FRANCE,133 AV DES CHAMPS ELYSEES,75108,Paris 8e Arrondissement,36218,75,851,Paris,10949158,01-Paris,2,609,50,3164,46020,35847,28.37894384,De 40 à 50 000 entrées,,,NON,,FIXE,,C,165,86,48,38.38598234,20.32424865,16.80628627,24.48348274,68,42.59715041,48.872794,2.296984,"48.872794, 2.296984"
1,1393,LE BRADY,ILE-DE-FRANCE,39 BOULEVARD DE STRASBOURG,75110,Paris 10e Arrondissement,83873,75,851,Paris,10949158,01-Paris,2,139,53,4825,65331,37547,73.9979226,De 50 à 80 000 entrées,,,A,RDJPPR,FIXE,,C,410,120,4,53.41733423,15.25504581,19.38874541,11.93887454,325,82.93060056,48.871771,2.355398,"48.871771, 2.355398"
1,2251,MAJESTIC PASSY,ILE-DE-FRANCE,18 - 20 RUE DE PASSY,75116,Paris 16e Arrondissement,165118,75,851,Paris,10949158,01-Paris,3,617,51,5456,116744,73590,58.64111972,De 100 à 150 000 entrées,,,NON,,FIXE,,C,192,93,60,62.30163342,18.6015324,13.61185863,5.484975548,102,28.8455177,48.858204,2.282104,"48.858204, 2.282104"
1,5861,MK2 BASTILLE COTE BEAUMARCHAIS,ILE-DE-FRANCE,3 BD R LENOIR 4/6 BD BEAUMARCHAI,75111,Paris 11e Arrondissement,145124,75,851,Paris,10949158,01-Paris,4,469,53,8259,200406,121331,65.17295662,De 200 à 300 000 entrées,MK2,,A,,FIXE,,C,131,96,65,62.58056044,18.35767824,12.32195891,6.739802412,111,83.88185143,48.854674,2.369381,"48.854674, 2.369381"
1,6212,MK2 NATION,ILE-DE-FRANCE,133 BOULEVARD DIDEROT,75112,Paris 12e Arrondissement,141275,75,851,Paris,10949158,01-Paris,8,554,53,14123,304684,195764,55.63842177,De 300 à 450 000 entrées,MK2,,NON,,FIXE,,C,194,108,86,63.44531242,20.09499306,11.755308,4.704386523,127,50.22783024,48.848213,2.39311,"48.848213, 2.39311"
1,8391,LE CINEMA DU PANTHEON,ILE-DE-FRANCE,13 RUE VICTOR COUSIN,75105,Paris 5e Arrondissement,58050,75,851,Paris,10949158,01-Paris,1,200,53,1527,16990,7675,121.3680782,De 10 à 20 000 entrées,,,A,,FIXE,,C,64,16,5,88.62455726,5.047225502,4.203069658,2.12514758,54,93.97284534,48.847502,2.342301,"48.847502, 2.342301"
1,8514,EPEE DE BOIS,ILE-DE-FRANCE,100 RUE MOUFFETARD,75105,Paris 5e Arrondissement,58050,75,851,Paris,10949158,01-Paris,2,140,53,3470,39819,23338,70.6187334,De 30 à 40 000 entrées,,,A,,FIXE,,C,202,99,13,68.67555196,3.548215776,18.65152626,9.124706001,145,73.08616373,48.841535,2.34958,"48.841535, 2.34958"
1,8531,LE GRAND ACTION,ILE-DE-FRANCE,5 RUE DES ECOLES,75105,Paris 5e Arrondissement,58050,75,851,Paris,10949158,01-Paris,3,363,53,4605,73786,27606,167.2824748,De 50 à 80 000 entrées,,,A,RDPR,FIXE,,C,364,30,23,29.89629378,43.39085345,17.18803128,9.524821489,258,81.82732631,48.847537,2.352122,"48.847537, 2.352122"
1,9452,LE LOUXOR,ILE-DE-FRANCE,170 BOULEVARD DE MAGENTA,75110,Paris 10e Arrondissement,83873,75,851,Paris,10949158,01-Paris,3,556,53,6115,195136,109882,77.58686591,De 150 à 200 000 entrées,,,A,RDJPPR,FIXE,,C,302,96,61,63.29906797,10.82844824,9.427342752,16.44514103,237,91.27042117,48.883487,2.349853,"48.883487, 2.349853"
1,9802,CLUB DE L ETOILE,ILE-DE-FRANCE,14 RUE TROYON,75117,Paris 17e Arrondissement,167765,75,851,Paris,10949158,01-Paris,1,161,37,103,6346,3022,109.9933819,De 5 à 10 000 entrées,,,NON,,FIXE,,C,59,15,1,34.84908658,40.52819698,13.20492454,11.4177919,25,45.41302621,48.876113,2.295345,"48.876113, 2.295345"
1,9920,PATHE,ILE-DE-FRANCE,30 AVENUE CORENTIN CARIOU,75119,Paris 19e Arrondissement,184156,75,851,Paris,10949158,01-Paris,16,2901,53,24999,400696,282502,41.83828787,De 300 à 450 000 entrées,PATHE-GAUMONT,,NON,,FIXE,,C,339,231,180,14.35451047,64.36030345,13.30320982,7.981976264,96,4.268925427,48.897016,2.385181,"48.897016, 2.385181"
2,20931,LE SELECT,ILE-DE-FRANCE,10 AV DIVISION LECLERC,92002,Antony,63639,92,851,Paris,10949158,02-Petite Couronne,4,665,49,6035,164014,103115,59.05930272,De 150 à 200 000 entrées,,,C,RDJPPR,FIXE,,B,432,322,190,67.6733079,13.09380522,11.92668186,7.306205024,319,59.7326436,48.753029,2.304782,"48.753029, 2.304782"
2,23301,JEAN GABIN,ILE-DE-FRANCE,12-14 BOULEVARD LEON FEIX,95018,Argenteuil,109058,95,851,Paris,10949158,03-Grande couronne,1,128,48,795,8196,4030,103.3746898,De 5 à 10 000 entrées,,,C,RDJP,FIXE,,B,145,101,2,56.42372881,19.76271186,13.16949153,10.6440678,109,66.93220339,48.946909,2.249331,"48.946909, 2.249331"
2,30184,UGC CINE CITE O'PARINOR,ILE-DE-FRANCE,LE HAUT DE GALY,93005,Aulnay-sous-Bois,86873,93,851,Paris,10949158,02-Petite Couronne,14,2590,53,25668,499614,312659,59.79517621,De 450 à 700 000 entrées,UGC,,NON,,FIXE,,B,289,160,159,21.41022433,62.79302095,11.31983303,4.476921691,80,1.55497052,48.960325,2.473606,"48.960325, 2.473606"
2,45132,BEAUMONT PALACE,ILE-DE-FRANCE,6 AV ANATOLE FRANCE,95052,Beaumont-sur-Oise,9671,95,459,Persan - Beaumont-sur-Oise,39344,03-Grande couronne,1,353,50,1029,19019,11229,69.37394247,De 10 à 20 000 entrées,,,D,JPPR,FIXE,,C,265,197,2,67.68092634,12.02959151,8.086201351,12.2032808,150,68.69089739,49.141412,2.283076,"49.141412, 2.283076"
2,71901,LE RENAISSANCE,ILE-DE-FRANCE,16 RUE DE L EGLISE,77051,Bray-sur-Seine,2355,77,77116,Bray-sur-Seine,3391,03-Grande couronne,1,105,53,349,5343,2511,112.7837515,De 5 à 10 000 entrées,,,E,,FIXE,,C,171,132,2,52.03879215,26.73572845,16.53074719,4.694732202,91,41.08441702,48.415251,3.237856,"48.415251, 3.237856"
2,91492,CINEMA DU THEATRE,ILE-DE-FRANCE,8 AVENUE CHARLES DE GAULLE,78126,La Celle-Saint-Cloud,20889,78,851,Paris,10949158,03-Grande couronne,1,319,44,253,10344,4456,132.1364452,De 10 à 20 000 entrées,,,NON,,FIXE,,B,191,140,1,57.02462239,13.46989448,25.65694186,3.848541279,112,66.35630043,48.847416,2.136047,"48.847416, 2.136047"
2,114042,MY CINE,ILE-DE-FRANCE,SHOPPING PROMENADE 3 RUE ROBERT SCHUMAN,77118,Claye-Souilly,12435,77,77302,Claye-Souilly,12435,03-Grande couronne,3,387,53,3687,128450,63696,101.6610148,De 100 à 150 000 entrées,,,NON,,FIXE,,I,90,78,50,21.21028037,63.95560748,12.02336449,2.810747664,11,0.35046729,48.947319,2.673824,"48.947319, 2.673824"
2,119305,PATHE,ILE-DE-FRANCE,RUE DE L'HAUTIL,78172,Conflans-Sainte-Honorine,36372,78,851,Paris,10949158,03-Grande couronne,13,3105,53,21079,756769,472752,60.07737672,De 700 000 à 1 million d'entrées,PATHE-GAUMONT,,NON,,FIXE,,B,313,246,193,24.92005248,58.02145697,13.7974574,3.261033158,106,4.141554731,49.004829,2.077668,"49.004829, 2.077668"
2,125135,L ETOILE,ILE-DE-FRANCE,1 ALLEE DU PROGRES,93027,La Courneuve,46951,93,851,Paris,10949158,02-Petite Couronne,1,195,47,1086,18940,9703,95.19736164,De 10 à 20 000 entrées,,,C,JPPR,FIXE,,B,250,128,3,34.81685703,34.48207956,14.99277931,15.7082841,168,50.98463962,48.926821,2.391627,"48.926821, 2.391627"
2,128535,LA LUCARNE MJC,ILE-DE-FRANCE,100 RUE JULIETTE SAVAR,94028,Créteil,92984,94,851,Paris,10949158,02-Petite Couronne,1,92,48,1310,17349,7312,137.2675055,De 10 à 20 000 entrées,,,C,JP,FIXE,,B,252,148,0,53.31074838,16.26116415,18.02433015,12.40375731,192,75.57745611,48.777428,2.466468,"48.777428, 2.466468"
2,154488,MEGA CGR,ILE-DE-FRANCE,PLACE DE L'AGORA - CE 169,91228,Évry,66543,91,851,Paris,10949158,03-Grande couronne,10,2052,45,14637,151794,94643,60.38587112,De 150 à 200 000 entrées,CGR,,NON,,FIXE,,B,213,141,132,15.06212615,59.7447612,9.922358813,15.27075383,22,1.889532964,48.627929,2.429517,"48.627929, 2.429517"
2,162853,CINEPARADIS,ILE-DE-FRANCE,10 AVENUE MARECHAL DE VILLARS,77186,Fontainebleau,16368,77,77406,Fontainebleau,38052,03-Grande couronne,6,1080,53,8815,129550,86459,49.83980846,De 100 à 150 000 entrées,,,D,JPPR,FIXE,,C,213,156,147,32.44535519,50.29784598,13.34508832,3.91171051,70,9.722486974,48.400175,2.71613,"48.400175, 2.71613"
2,164022,THEATRE DE FONTENAY,ILE-DE-FRANCE,PLACE DU 8 MAI 1945,78242,Fontenay-le-Fleury,13682,78,851,Paris,10949158,03-Grande couronne,1,346,16,196,3497,7612,-54.05937993,De 2 à 5 000 entrées,,,C,JP,FIXE,,B,53,33,3,64.28794992,21.53364632,10.04694836,4.131455399,30,39.24882629,48.811271,2.045243,"48.811271, 2.045243"
2,172914,CINE GARCHES,ILE-DE-FRANCE,86 GRANDE RUE,92033,Garches,17960,92,851,Paris,10949158,02-Petite Couronne,2,434,47,1123,18909,12182,55.2208176,De 10 à 20 000 entrées,,,NON,,FIXE,,B,204,175,30,61.02993585,21.23425992,12.88904728,4.846756949,103,40.87075315,48.844239,2.188722,"48.844239, 2.188722"
2,175513,CINEMA JEAN VIGO,ILE-DE-FRANCE,1 RUE PIERRE ET MARIE CURIE,92036,Gennevilliers,50096,92,851,Paris,10949158,02-Petite Couronne,2,290,49,1987,39509,23631,67.19140113,De 30 à 40 000 entrées,,,C,RDJPPR,FIXE,,B,321,214,13,48.64239168,26.4547845,12.97587744,11.92694638,218,63.3217103,48.928469,2.293206,"48.928469, 2.293206"
2,175794,LE LAVOIR NUMERIQUE,ILE-DE-FRANCE,10 RUE VICTOR MARQUIGNY,94037,Gentilly,18950,94,851,Paris,10949158,02-Petite Couronne,1,90,20,30,130,22,490.9090909,Moins de 2000 entrées,,,NON,,FIXE,,B,30,2,0,62.30769231,24.61538462,10.76923077,2.307692308,25,91.53846154,48.815668,2.346427,"48.815668, 2.346427"
2,177201,LE CENTRAL,ILE-DE-FRANCE,SQUARE DE LA MAIRIE,91272,Gif-sur-Yvette,21996,91,851,Paris,10949158,03-Grande couronne,1,155,49,1043,13485,7246,86.10267734,De 10 à 20 000 entrées,UGC,,C,,FIXE,,B,84,66,34,77.7882132,4.946388041,10.5502074,6.715191359,54,61.3837364,48.701701,2.13387,"48.701701, 2.13387"
2,181553,THEATRE SARAH BERNHARDT,ILE-DE-FRANCE,82 BD PAUL VAILLANT COUTURIER,95280,Goussainville,31052,95,851,Paris,10949158,03-Grande couronne,1,562,6,11,1111,,,Moins de 2000 entrées,,,NON,,FIXE,,B,4,0,0,37.56756757,0,0,62.43243243,4,100,49.03242,2.471796,"49.03242, 2.471796"
2,193442,LA TOURNELLE,ILE-DE-FRANCE,14 RUE DISPAN,94038,L' Haÿ-les-Roses,31847,94,851,Paris,10949158,02-Petite Couronne,1,274,49,1128,29984,16925,77.15805022,De 20 à 30 000 entrées,,,C,JP,FIXE,,B,253,188,4,59.88354621,18.70398197,15.90909091,5.503380917,148,46.13824192,48.779749,2.339014,"48.779749, 2.339014"
2,202562,PATHE,ILE-DE-FRANCE,5 RUE FRANCOIS MITTERRAND,94041,Ivry-sur-Seine,64248,94,851,Paris,10949158,02-Petite Couronne,14,3830,53,20258,433480,315119,37.56073103,De 300 à 450 000 entrées,PATHE-GAUMONT,,NON,,FIXE,,B,229,177,173,15.87104932,64.73378043,14.8039479,4.59122235,38,2.459335285,48.824074,2.387803,"48.824074, 2.387803"
2,211844,CINEMA LE CINQ,ILE-DE-FRANCE,5 RUE DELAMBRE,77243,Lagny-sur-Marne,21332,77,851,Paris,10949158,03-Grande couronne,3,492,53,6237,96046,59826,60.54223916,De 80 à 100 000 entrées,,,C,,FIXE,,B,261,191,79,48.08444435,38.25169083,10.11473887,3.549125953,132,17.48525249,48.879604,2.706124,"48.879604, 2.706124"
2,228122,ATELIER BARBARA,ILE-DE-FRANCE,22-24 RUE ALSACE LORRAINE,94044,Limeil-Brévannes,28391,94,851,Paris,10949158,02-Petite Couronne,1,165,46,152,2910,2098,38.70352717,De 2 à 5 000 entrées,,,NON,,FIXE,,B,131,114,1,69.50215602,16.58173265,7.212857703,6.703253626,47,25.71540572,48.744182,2.503331,"48.744182, 2.503331"
2,229833,CINE MUNICIPAL YVES MONTAND,ILE-DE-FRANCE,36 RUE EUGENE MASSE,93046,Livry-Gargan,45818,93,851,Paris,10949158,02-Petite Couronne,1,264,50,1075,27941,14100,98.16312057,De 20 à 30 000 entrées,,,C,JP,FIXE,,B,189,150,0,60.21403467,25.60913004,8.865458279,5.311377009,83,29.41989496,48.92579,2.545121,"48.92579, 2.545121"
2,244700,MEGA CGR,ILE-DE-FRANCE,PLACE HENRI DUNANT,78361,Mantes-la-Jolie,44114,78,851,Paris,10949158,03-Grande couronne,9,2053,53,17812,323667,196138,65.02003691,De 300 à 450 000 entrées,CGR,,NON,,FIXE,,B,228,166,162,26.01956498,57.73312869,11.11173124,5.13557509,33,2.412911027,48.989664,1.715981,"48.989664, 1.715981"
2,264672,LA ROTONDE,ILE-DE-FRANCE,PLACE DU 14 JUILLET,77296,Moissy-Cramayel,18117,77,851,Paris,10949158,03-Grande couronne,1,349,49,688,17062,10240,66.62109375,De 10 à 20 000 entrées,,,C,JP,FIXE,,B,183,131,1,55.39310988,25.4918734,13.17365269,5.941364025,98,54.25771833,48.628281,2.589982,"48.628281, 2.589982"
2,273182,CENTRE PICASSO,ILE-DE-FRANCE,RUE GUY DE MAUPASSANT,95424,Montigny-lès-Cormeilles,22305,95,851,Paris,10949158,03-Grande couronne,1,304,36,99,5593,3883,44.03811486,De 5 à 10 000 entrées,,,NON,,FIXE,,B,43,15,0,51.35069947,29.61890979,4.389773275,14.64061746,21,60.66087795,48.997001,2.200873,"48.997001, 2.200873"
2,274702,L'EDEN,ILE-DE-FRANCE,5 RUE DE PONTOISE,95428,Montmorency,21942,95,851,Paris,10949158,03-Grande couronne,2,222,52,2161,28001,17342,61.46349902,De 20 à 30 000 entrées,,,C,JPPR,FIXE,,B,288,203,67,67.9849196,15.02654459,9.998461183,6.990074633,182,60.2677541,48.988818,2.318091,"48.988818, 2.318091"
2,288024,LA FAUVETTE,ILE-DE-FRANCE,21 AV DANIEL PERDRIGE,93049,Neuilly-Plaisance,21059,93,851,Paris,10949158,02-Petite Couronne,1,146,50,1266,19011,11310,68.09018568,De 10 à 20 000 entrées,,,C,JP,FIXE,,B,240,173,1,63.7592551,16.63675118,11.30805475,8.295938972,142,53.2533094,48.87311,2.510505,"48.87311, 2.510505"
2,291891,ROYAL PALACE,ILE-DE-FRANCE,165 GRANDE RUE CHARLES DE GAULLE,94052,Nogent-sur-Marne,33820,94,851,Paris,10949158,02-Petite Couronne,6,815,53,9566,160839,104989,53.19604911,De 150 à 200 000 entrées,,,C,JP,FIXE,,B,346,237,168,47.47178956,36.02605205,11.91654255,4.585615833,201,24.93310277,48.838331,2.489437,"48.838331, 2.489437"
2,299572,CINEMA JACQUES TATI,ILE-DE-FRANCE,14 AVENUE SAINT LAURENT,91471,Orsay,15890,91,851,Paris,10949158,03-Grande couronne,3,339,53,3637,52423,32868,59.49555799,De 50 à 80 000 entrées,,,C,RDJPPR,FIXE,,B,388,248,64,57.68216156,17.25088932,15.24641273,9.820536392,291,73.93181182,48.698781,2.189727,"48.698781, 2.189727"
2,305402,ESPACE DES ARTS,ILE-DE-FRANCE,PLACE CHARLES DE GAULLE,93057,Les Pavillons-sous-Bois,24003,93,851,Paris,10949158,02-Petite Couronne,1,329,51,1215,41827,24493,70.77124076,De 40 à 50 000 entrées,,,C,,FIXE,,B,244,194,1,56.64523044,26.68006431,9.17738478,7.497320472,121,36.20310825,48.903037,2.507379,"48.903037, 2.507379"
2,307692,CENTRE DES BORDS DE MARNE,ILE-DE-FRANCE,2 RUE DE LA PRAIRIE,94058,Le Perreux-sur-Marne,33981,94,851,Paris,10949158,02-Petite Couronne,1,198,47,1084,38710,20962,84.66749356,De 30 à 40 000 entrées,,,C,,FIXE,,B,218,156,30,69.17460229,16.7217302,9.964185569,4.13948194,132,51.90593853,48.84694,2.509968,"48.84694, 2.509968"
2,327945,UGC CINE CITE LA DEFENSE,ILE-DE-FRANCE,LE DOME,92062,Puteaux,44275,92,851,Paris,10949158,02-Petite Couronne,16,3645,53,29433,907557,570610,59.05031458,De 700 000 à 1 million d'entrées,UGC,,NON,,FIXE,,B,468,280,253,29.79487842,51.01435266,13.33086159,5.859907332,233,15.23388319,48.876233,2.242749,"48.876233, 2.242749"
2,327961,LE CENTRAL,ILE-DE-FRANCE,134 RUE DE LA REPUBLIQUE,92062,Puteaux,44275,92,851,Paris,10949158,02-Petite Couronne,2,480,48,2512,37805,25296,49.45050601,De 30 à 40 000 entrées,,,NON,,FIXE,,B,152,105,30,39.4384721,44.92795059,11.95105215,3.68252516,66,20.17955169,48.885137,2.239127,"48.885137, 2.239127"
2,353531,C2L CIN'HOCHE,ILE-DE-FRANCE,6 RUE HOCHE,78586,Sartrouville,52158,78,851,Paris,10949158,03-Grande couronne,5,436,53,7210,97327,61613,57.96503985,De 80 à 100 000 entrées,UGC,,NON,,FIXE,,B,193,125,99,46.07164655,39.60318199,11.17110966,3.154061799,78,15.19928829,48.937892,2.159419,"48.937892, 2.159419"
2,362414,CINE SEL,ILE-DE-FRANCE,47 GRANDE RUE,92072,Sèvres,23472,92,851,Paris,10949158,02-Petite Couronne,1,380,48,395,19643,10657,84.32016515,De 10 à 20 000 entrées,,,C,,FIXE,,B,152,116,1,71.81986221,9.830280625,10.61446256,7.735394612,103,73.74670924,48.8247269,2.2150993,"48.82472689999999, 2.21509930000002"
2,370411,LE CAPITOLE,ILE-DE-FRANCE,3 RUE LEDRU ROLLIN,92073,Suresnes,49992,92,851,Paris,10949158,02-Petite Couronne,4,644,53,7479,103316,69033,49.66175597,De 100 à 150 000 entrées,,,C,JPPR,FIXE,,B,251,157,136,55.69316289,29.47385631,10.67921482,4.153765979,154,37.19281036,48.871363,2.229109,"48.871363, 2.229109"
2,381941,GAUMONT,ILE-DE-FRANCE,8 RUE DU MONDIAL 1998,93066,Saint-Denis,114027,93,851,Paris,10949158,02-Petite Couronne,9,1513,53,12507,190269,114951,65.52183104,De 150 à 200 000 entrées,PATHE-GAUMONT,,NON,,FIXE,,B,207,98,84,7.109595089,48.64031031,8.479796493,35.77029811,14,0.587604592,48.925395,2.363117,"48.925395, 2.363117"
2,390452,LES TOILES OLYMPIC,ILE-DE-FRANCE,PLACE FRANCOIS TRUFFAUT,95555,Saint-Gratien,21060,95,851,Paris,10949158,03-Grande couronne,3,371,50,3599,51038,29894,70.72991236,De 50 à 80 000 entrées,,,C,RDJPPR,FIXE,,B,237,136,81,62.84353493,16.12962035,7.848320496,13.17852422,213,91.6685657,48.971269,2.274468,"48.971269, 2.274468"
2,404603,LE LIDO,ILE-DE-FRANCE,70 AV DE LA REPUBLIQUE,94068,Saint-Maur-des-Fossés,75449,94,851,Paris,10949158,02-Petite Couronne,1,425,52,1535,40466,22365,80.93449586,De 40 à 50 000 entrées,,,C,RDJPPR,FIXE,,B,276,163,75,70.85007484,9.587961869,9.215052916,10.34691037,235,85.81895533,48.798427,2.485821,"48.798427, 2.485821"
2,422871,STUDIO CINE,ILE-DE-FRANCE,207 RUE DE PARIS,95607,Taverny,26773,95,851,Paris,10949158,03-Grande couronne,2,329,53,3027,25578,14308,78.76712329,De 20 à 30 000 entrées,,,NON,,FIXE,,B,243,186,21,59.74893963,23.37089242,7.85313397,9.027033975,117,33.02771946,49.026312,2.224754,"49.026312, 2.224754"
2,432832,CINEMA LE GRENIER A SEL,ILE-DE-FRANCE,PLACE DU 8 MAI 1945,78621,Trappes,33527,78,851,Paris,10949158,03-Grande couronne,1,218,47,894,15583,9568,62.86580268,De 10 à 20 000 entrées,,,C,JP,FIXE,,B,199,145,2,58.94708129,18.92389525,13.7547736,8.374249864,136,64.98908893,48.780183,1.992423,"48.780183, 1.992423"
2,437562,UGC LES ULIS,ILE-DE-FRANCE,CENTRE COMMERCIAL LES ULIS 2,91692,Les Ulis,25299,91,851,Paris,10949158,03-Grande couronne,4,649,53,5239,39904,28615,39.45133671,De 30 à 40 000 entrées,UGC,,NON,,FIXE,,B,95,87,85,32.00431034,52.84182037,11.18434242,3.969526864,2,0.498696872,48.675884,2.175597,"48.675884, 2.175597"
2,439271,LES VARIETES,ILE-DE-FRANCE,72 RUE DE CHELLES,77479,Vaires-sur-Marne,13450,77,851,Paris,10949158,03-Grande couronne,1,311,47,380,9572,4203,127.742089,De 5 à 10 000 entrées,,,NON,,FIXE,,B,109,92,1,77.92579544,14.7858637,5.956181878,1.332158978,36,24.76054167,48.874168,2.632366,"48.874168, 2.632366"
2,448802,ESPACE MAURICE BEJART,ILE-DE-FRANCE,3 BLVD ANDRE MALRAUX,78642,Verneuil-sur-Seine,16283,78,851,Paris,10949158,03-Grande couronne,1,312,49,810,20692,9479,118.2930689,De 20 à 30 000 entrées,,,NON,,FIXE,,B,214,177,1,63.51052632,16.47368421,15.62631579,4.389473684,98,27.31052632,48.979213,1.97461,"48.979213, 1.97461"
2,456762,CINEMA D ART ROMAIN ROLLAND,ILE-DE-FRANCE,18 RUE EUGENE VARLIN,94076,Villejuif,56585,94,851,Paris,10949158,02-Petite Couronne,1,616,47,314,19424,8847,119.5546513,De 10 à 20 000 entrées,,,NON,,FIXE,,B,119,104,0,66.05873441,20.55121781,10.3193101,3.070737676,72,55.52383172,48.793428,2.363199,"48.793428, 2.363199"
2,457983,ESPACE CULTUREL,ILE-DE-FRANCE,56BIS AVENUE CARNOT,94077,Villeneuve-le-Roi,21493,94,851,Paris,10949158,02-Petite Couronne,1,448,12,15,1409,1420,-0.774647887,Moins de 2000 entrées,,,NON,,FIXE,,B,15,11,0,80.05677786,5.819730305,14.12349184,0,1,4.897090135,48.735355,2.416829,"48.735355, 2.416829"
2,469245,CINEMA PARADISO,ILE-DE-FRANCE,2 RUE MARC SANGNIER,91691,Yerres,29325,91,851,Paris,10949158,03-Grande couronne,1,214,53,1139,25315,13657,85.3628176,De 20 à 30 000 entrées,,,C,,FIXE,,B,225,152,7,65.90827158,20.9172842,9.693570999,3.480873223,130,38.61806529,48.714932,2.489765,"48.714932, 2.489765"
2,720300,UGC CINE CITE,ILE-DE-FRANCE,CENTRE COMMERCIAL CRETEIL SOLEIL,94028,Créteil,92984,94,851,Paris,10949158,02-Petite Couronne,18,3710,53,36383,626495,348354,79.84435373,De 450 à 700 000 entrées,UGC,,NON,,FIXE,,B,494,299,278,31.39055185,51.99426919,11.75982424,4.855354722,238,11.65860772,48.797186,2.469391,"48.797186, 2.469391"
2,723680,CGR MY PLACE SARCELLES,ILE-DE-FRANCE,2 ALLEE HENRI DUNANT,95585,Sarcelles,58715,95,851,Paris,10949158,03-Grande couronne,10,1817,53,20527,306705,171721,78.60657695,De 300 à 450 000 entrées,CGR,,NON,,FIXE,,B,250,169,163,19.79071258,58.18275194,10.06529192,11.96124356,24,1.192329835,48.984111,2.372423,"48.984111, 2.372423"
2,724920,STARS - PREMIERE CINEMAS,ILE-DE-FRANCE,13 AVENUE CHARLES DE GAULLE,91021,Arpajon,11266,91,851,Paris,10949158,03-Grande couronne,5,527,12,1331,14254,,,De 10 à 20 000 entrées,,,NON,,FIXE,,B,75,63,28,44.10987074,54.81051704,0.212984724,0.866627497,36,19.6827262,48.590692,2.250123,"48.590692, 2.250123"
1,55,ELYSEES LINCOLN,ILE-DE-FRANCE,14 RUE LINCOLN,75108,Paris 8e Arrondissement,36218,75,851,Paris,10949158,01-Paris,3,448,51,4424,38400,23042,66.65220033,De 30 à 40 000 entrées,,,A,RD,FIXE,,C,157,104,85,64.79548585,4.975098018,19.07915651,11.15025962,120,88.4894564,48.870512,2.303157,"48.870512, 2.303157"
1,311,GRAND REX,ILE-DE-FRANCE,5 BD POISSONNIERE,75102,Paris 2e Arrondissement,21277,75,851,Paris,10949158,01-Paris,7,4274,53,10059,619648,473518,30.86049527,De 450 à 700 000 entrées,,,NON,,FIXE,,C,212,116,102,9.11686986,65.37369411,13.33288108,12.17655496,34,2.436538549,48.86872,2.347608,"48.86872, 2.347608"
1,451,UGC MONTPARNASSE,ILE-DE-FRANCE,83 BD DU MONTPARNASSE,75106,Paris 6e Arrondissement,40452,75,851,Paris,10949158,01-Paris,7,1490,53,11996,268644,190458,41.05157042,De 200 à 300 000 entrées,UGC,,NON,,FIXE,,C,140,115,113,47.74611331,33.88023093,14.31249037,4.061165388,36,15.88294288,48.84351,2.325646,"48.84351, 2.325646"
1,531,MK2 BEAUBOURG,ILE-DE-FRANCE,50 RUE RAMBUTEAU,75103,Paris 3e Arrondissement,33651,75,851,Paris,10949158,01-Paris,6,557,53,13857,226812,158940,42.70290676,De 200 à 300 000 entrées,MK2,,A,RDPR,FIXE,,C,262,125,110,54.52473288,9.285016972,14.92794641,21.26230374,183,94.91997528,48.861555,2.352217,"48.861555, 2.352217"
1,721,MK2 ODEON COTE SAINT-MICHEL,ILE-DE-FRANCE,7 RUE HAUTEFEUILLE,75106,Paris 6e Arrondissement,40452,75,851,Paris,10949158,01-Paris,4,510,53,8295,106817,76108,40.34924055,De 100 à 150 000 entrées,MK2,,A,RD,FIXE,,C,189,150,73,60.63843783,10.99364757,13.35231544,15.01559916,150,86.73883627,48.852188,2.342788,"48.852188, 2.342788"
1,731,MK2 ODEON COTE SAINT-GERMAIN,ILE-DE-FRANCE,113 BD ST GERMAIN,75106,Paris 6e Arrondissement,40452,75,851,Paris,10949158,01-Paris,5,678,53,9877,207423,143364,44.68276555,De 200 à 300 000 entrées,MK2,,NON,,FIXE,,C,126,114,105,59.64864044,20.45738487,13.57345798,6.320516717,88,63.21047325,48.852437,2.338266,"48.852437, 2.338266"
1,1392,L'ARCHIPEL,ILE-DE-FRANCE,17 BD DE STRASBOURG,75110,Paris 10e Arrondissement,83873,75,851,Paris,10949158,01-Paris,2,204,50,3292,34016,16679,103.9450806,De 30 à 40 000 entrées,,,A,RDJPPR,FIXE,,C,328,113,1,52.5831493,13.8225256,18.02516228,15.56916282,279,92.69557652,48.870455,2.35466,"48.870455, 2.35466"
1,1791,LUMINOR HOTEL DE VILLE,ILE-DE-FRANCE,20 RUE DU TEMPLE,75104,Paris 4e Arrondissement,29326,75,851,Paris,10949158,01-Paris,2,238,53,3746,74147,37359,98.4715865,De 50 à 80 000 entrées,,,A,RDJPPR,FIXE,,C,283,144,38,55.90093281,8.630003542,19.58908962,15.87997402,213,84.99970481,48.858689,2.353591,"48.858689, 2.353591"
1,4713,BORIS VIAN GRANDE HALLE,ILE-DE-FRANCE,211 AV JEAN JAURES,75119,Paris 19e Arrondissement,184156,75,851,Paris,10949158,01-Paris,1,287,5,25,9690,,,De 5 à 10 000 entrées,,,NON,,FIXE,,C,24,0,0,35.65127141,45.96782564,18.38090296,0,23,96.29475869,48.888947,2.392436,"48.888947, 2.392436"
1,5841,MK2 BASTILLE COTE FAUBOURG SAINT-ANTOINE,ILE-DE-FRANCE,5 RUE DU FAUBOURG ST ANTOINE,75111,Paris 11e Arrondissement,145124,75,851,Paris,10949158,01-Paris,3,423,53,5964,137679,85778,60.5061904,De 100 à 150 000 entrées,MK2,,A,RD,FIXE,,C,98,77,58,64.32353518,9.279556069,8.367289129,18.02961962,86,94.73194895,48.853157,2.370719,"48.853157, 2.370719"
1,5852,MAJESTIC BASTILLE,ILE-DE-FRANCE,4 BD RICHARD LENOIR,75111,Paris 11e Arrondissement,145124,75,851,Paris,10949158,01-Paris,2,356,53,3980,83619,53823,55.35923304,De 80 à 100 000 entrées,,,A,RDJP,FIXE,,C,179,111,56,61.94239959,12.96267597,13.98940979,11.10551466,137,88.9706832,48.860238,2.37214,"48.860238, 2.37214"
1,6531,UGC LYON BASTILLE,ILE-DE-FRANCE,12 RUE DE LYON,75112,Paris 12e Arrondissement,141275,75,851,Paris,10949158,01-Paris,7,1273,53,12127,200980,136006,47.77289237,De 200 à 300 000 entrées,UGC,,NON,,FIXE,,C,175,126,117,45.27515176,40.98367997,11.65737884,2.083789432,52,6.62055926,48.847502,2.371855,"48.847502, 2.371855"
1,7231,CHAPLIN SAINT LAMBERT,ILE-DE-FRANCE,6 RUE PECLET,75115,Paris 15e Arrondissement,231186,75,851,Paris,10949158,01-Paris,3,363,52,5329,67653,41308,63.77699235,De 50 à 80 000 entrées,,,A,JPPR,FIXE,,C,395,242,3,62.23570667,12.96627359,15.5241173,9.273902431,302,67.33764225,48.843204,2.298558,"48.843204, 2.298558"
1,8161,CHAPLIN DENFERT,ILE-DE-FRANCE,24 PLACE DENFERT ROCHEREAU,75114,Paris 14e Arrondissement,134926,75,851,Paris,10949158,01-Paris,1,133,53,1840,29406,17940,63.91304348,De 20 à 30 000 entrées,,,A,JP,FIXE,,C,247,126,2,64.12760963,14.39171627,14.43783013,7.042843967,189,70.28590593,48.833879,2.330976,"48.833879, 2.330976"
1,8341,NOUVEL ODEON,ILE-DE-FRANCE,6 RUE DE L ECOLE DE MEDECINE,75106,Paris 6e Arrondissement,40452,75,851,Paris,10949158,01-Paris,1,119,53,1597,30787,18313,68.11554633,De 30 à 40 000 entrées,,,A,RDPR,FIXE,,C,180,49,1,62.32582538,9.80295728,17.33713649,10.53408085,171,94.45591948,48.850764,2.341747,"48.850764, 2.341747"
1,8422,LE CHAMPO,ILE-DE-FRANCE,51 RUE DES ECOLES,75105,Paris 5e Arrondissement,58050,75,851,Paris,10949158,01-Paris,2,240,53,4172,95673,50555,89.24537632,De 80 à 100 000 entrées,,,A,PR,FIXE,,C,254,12,1,37.02070794,17.74169788,25.03682815,20.20076603,221,82.11730292,48.849983,2.343211,"48.849983, 2.343211"
1,9600,MK2 BIBLIOTHEQUE,ILE-DE-FRANCE,128 A 162 AVENUE DE FRANCE,75113,Paris 13e Arrondissement,179013,75,851,Paris,10949158,01-Paris,16,2952,53,34289,803575,593144,35.4772197,De 700 000 à 1 million d'entrées,MK2,,NON,,FIXE,,C,426,316,294,28.85326587,45.84872188,16.88986308,8.408149171,217,28.86577688,48.833718,2.373922,"48.833718, 2.373922"
1,9950,CGR PARIS LILAS,ILE-DE-FRANCE,PLACE DU MAQUIS DU VERCORS,75120,Paris 20e Arrondissement,193044,75,851,Paris,10949158,01-Paris,7,1394,53,13561,203607,134186,51.73490528,De 200 à 300 000 entrées,CGR,,NON,,FIXE,,C,212,129,121,22.93100579,55.61740814,11.7768668,9.674719268,41,5.280328357,48.852605,2.406733,"48.852605, 2.406733"
2,23323,LE FIGUIER BLANC,ILE-DE-FRANCE,3TER RUE GREGOIRE COLLAS,95018,Argenteuil,109058,95,851,Paris,10949158,03-Grande couronne,3,826,50,3159,46061,29726,54.95189396,De 40 à 50 000 entrées,,,C,JPPR,FIXE,,B,244,174,44,48.13883065,29.54111344,11.86116935,10.45888656,152,41.66783135,48.943679,2.24855,"48.943679, 2.24855"
2,60942,LE FORUM,ILE-DE-FRANCE,PLACE DU FORUM,94004,Boissy-Saint-Léger,17345,94,851,Paris,10949158,02-Petite Couronne,1,114,42,219,5728,2036,181.3359528,De 5 à 10 000 entrées,,,NON,,FIXE,,B,123,95,0,43.48739496,21.19514472,24.46311858,10.85434174,63,65.33613445,48.754035,2.502015,"48.754035, 2.502015"
2,66835,CINEMA LANDOWSKI,ILE-DE-FRANCE,28 AVENUE ANDRE-MORIZET,92012,Boulogne-Billancourt,122162,92,851,Paris,10949158,02-Petite Couronne,1,154,48,1697,41099,23607,74.09666624,De 40 à 50 000 entrées,,,C,RDJPPR,FIXE,,B,188,105,80,57.12281706,7.729745205,15.75722874,19.39020899,170,93.7102777,48.83591,2.239289,"48.83591, 2.239289"
2,68114,LE CINEMA,ILE-DE-FRANCE,10 AVENUE FRANCIS DE PRESSENSE,93013,Le Bourget,15695,93,851,Paris,10949158,02-Petite Couronne,1,83,49,1112,6622,863,667.3232908,De 5 à 10 000 entrées,,,NON,,FIXE,,B,198,169,1,61.87910423,23.2193972,11.48341472,3.418083853,78,54.63882809,48.932361,2.424858,"48.932361, 2.424858"
2,106262,LOUIS JOUVET,ILE-DE-FRANCE,3 PLACE MAURICE BERTEAUX,78146,Chatou,30190,78,851,Paris,10949158,03-Grande couronne,2,459,51,1984,48282,28945,66.8060114,De 40 à 50 000 entrées,,,NON,,FIXE,,B,250,183,67,64.05316895,19.00083478,12.0229457,4.923050579,150,39.35015732,48.886917,2.156299,"48.886917, 2.156299"
2,108774,COSMOS,ILE-DE-FRANCE,22 AV DE LA RESISTANCE,77108,Chelles,54691,77,851,Paris,10949158,03-Grande couronne,2,645,52,3538,63326,36307,74.41815628,De 50 à 80 000 entrées,,,C,JP,FIXE,,B,274,152,32,41.10551728,44.97156309,10.72011547,3.202804172,145,22.09831784,48.877872,2.586341,"48.877872, 2.586341"
2,110761,SALLE ANDRE MALRAUX,ILE-DE-FRANCE,102 AV DU GENERAL DE GAULLE,94021,Chevilly-Larue,20447,94,851,Paris,10949158,02-Petite Couronne,1,405,48,507,14074,8303,69.50499819,De 10 à 20 000 entrées,,,C,,FIXE,,B,180,126,1,52.92555807,22.26374275,14.15085062,10.65984856,110,66.33887305,48.770432,2.350955,"48.770432, 2.350955"
2,112014,SALLE PAUL ELUARD,ILE-DE-FRANCE,4 AV DE VILLENEUVE ST GEORGES,94022,Choisy-le-Roi,46466,94,851,Paris,10949158,02-Petite Couronne,1,181,49,1080,32206,13833,132.820068,De 30 à 40 000 entrées,,,C,JP,FIXE,,B,207,140,1,57.28928102,24.1712033,14.54852638,3.9909893,123,52.50985545,48.766383,2.414699,"48.766383, 2.414699"
2,117051,L'HELIOS,ILE-DE-FRANCE,27 A 39 RUE DU BOURNARD,92025,Colombes,87328,92,851,Paris,10949158,02-Petite Couronne,4,477,53,6560,115506,64655,78.6497564,De 100 à 150 000 entrées,,,C,JPPR,FIXE,,B,244,155,121,46.84972171,38.11502783,10.3729128,4.662337662,153,33.01855288,48.923159,2.255372,"48.923159, 2.255372"
2,140521,ESPACE ERMITAGE,ILE-DE-FRANCE,ALLEE STE THERESE,95199,Domont,15874,95,851,Paris,10949158,03-Grande couronne,1,282,53,1552,25848,15730,64.32294978,De 20 à 30 000 entrées,,,NON,,FIXE,,B,176,138,14,47.38120159,30.931547,16.54594934,5.141302072,74,24.74356291,49.02987,2.333691,"49.02987, 2.333691"
2,142752,ESPACE CULTUREL DU PARC,ILE-DE-FRANCE,PLACE MAURICE NILES,93029,Drancy,71535,93,851,Paris,10949158,02-Petite Couronne,1,329,45,307,12626,3153,300.4440216,De 10 à 20 000 entrées,,,NON,,FIXE,,B,75,60,1,39.70410106,47.79373594,8.634711888,3.867451116,20,13.37601661,48.927466,2.438309,"48.927466, 2.438309"
2,146371,GRENOUILLE,ILE-DE-FRANCE,CENTRE COMMERCIAL DES 7 MARES,78208,Élancourt,26117,78,851,Paris,10949158,03-Grande couronne,3,348,53,3890,73827,40570,81.97436529,De 50 à 80 000 entrées,,,C,JP,FIXE,,B,299,222,98,55.30427746,29.14841374,11.50422724,4.043081559,179,35.80178018,48.766594,1.949214,"48.766594, 1.949214"
2,147071,FRANCAIS,ILE-DE-FRANCE,38 RUE DU GENERAL DE GAULLE,95210,Enghien-les-Bains,11574,95,851,Paris,10949158,03-Grande couronne,5,1222,53,5472,110456,78783,40.20283564,De 100 à 150 000 entrées,UGC,,NON,,FIXE,,B,161,116,85,42.34391318,42.1868047,12.18362621,3.285655905,73,12.10370976,48.970841,2.307185,"48.970841, 2.307185"
2,149335,PIERRE FRESNAY,ILE-DE-FRANCE,3 RUE SAINT FLAIVE,95219,Ermont,29453,95,851,Paris,10949158,03-Grande couronne,1,400,35,154,8627,2957,191.7483936,De 5 à 10 000 entrées,,,NON,,FIXE,,B,125,83,0,60.60978944,19.82499316,7.027618266,12.53759912,55,40.67541701,48.988575,2.259906,"48.988575, 2.259906"
2,152884,CINETAMPES,ILE-DE-FRANCE,PLACE GEOFFROY ST HILAIRE,91223,Étampes,26454,91,91401,Étampes,32227,03-Grande couronne,1,146,50,790,7208,3938,83.03707466,De 5 à 10 000 entrées,,,D,JPPR,FIXE,,C,220,159,5,65.61807709,14.59164082,12.59784375,7.19243834,191,88.39167036,48.434287,2.157598,"48.434287, 2.157598"
2,163962,LE SCARRON,ILE-DE-FRANCE,8 AV. JEANNE ET MAURICE DOLIVET,92032,Fontenay-aux-Roses,25389,92,851,Paris,10949158,02-Petite Couronne,1,198,48,876,22341,13746,62.52728066,De 20 à 30 000 entrées,,,C,,FIXE,,B,180,123,0,59.48926014,19.74224344,10.8973747,9.871121718,118,61.69451074,48.791543,2.289748,"48.791543, 2.289748"
2,202370,0SALLE GEORGES BRASSENS,ILE-DE-FRANCE,SALLE GEORGES BRASSENS,91315,Itteville,6701,91,91402,Ballancourt-sur-Essonne,35751,03-Grande couronne,1,340,39,120,5629,2774,102.9199712,De 5 à 10 000 entrées,,,NON,,ITINERANT,,C,65,29,0,54.68546638,22.0824295,20.17353579,3.05856833,32,46.70281996,48.515193,2.341767,"48.515193, 2.341767"
2,202551,LE LUXY,ILE-DE-FRANCE,77 AV GEORGES GOSNAT,94041,Ivry-sur-Seine,64248,94,851,Paris,10949158,02-Petite Couronne,2,507,52,2671,64768,37388,73.23205307,De 50 à 80 000 entrées,,,C,RDJPPR,FIXE,,B,346,183,82,63.65823645,12.92633203,10.12911639,13.28631513,309,88.53747681,48.81362,2.389338,"48.81362, 2.389338"
2,226883,THEATRE DU GARDE CHASSE,ILE-DE-FRANCE,2 AVENUE WALDECK ROUSSEAU,93045,Les Lilas,23396,93,851,Paris,10949158,02-Petite Couronne,1,308,24,345,7633,8200,-6.914634146,De 5 à 10 000 entrées,,,C,,FIXE,,B,128,83,2,68.78101737,17.81947891,9.212158809,4.187344913,110,87.77915633,48.881921,2.419546,"48.881921, 2.419546"
2,242422,MARCEL PAGNOL,ILE-DE-FRANCE,17 RUE BERANGER,92046,Malakoff,31412,92,851,Paris,10949158,02-Petite Couronne,1,198,43,649,26502,16303,62.55903821,De 20 à 30 000 entrées,,,C,,FIXE,,B,165,118,1,64.13864674,16.73723537,10.94229971,8.181818182,131,74.89414695,48.820911,2.302756,"48.820911, 2.302756"
2,246432,ATMOSPHERE,ILE-DE-FRANCE,PARC DES CELESTINS,91363,Marcoussis,8398,91,851,Paris,10949158,03-Grande couronne,1,231,52,775,17040,10114,68.47933557,De 10 à 20 000 entrées,,,C,,FIXE,,B,209,164,0,55.15313563,28.00194458,14.20150705,2.643412737,130,50.53475936,48.642026,2.222592,"48.642026, 2.222592"
2,258952,LA LUCIOLE,ILE-DE-FRANCE,1 ROUTE DE PONTOISE,95394,Méry-sur-Oise,10083,95,851,Paris,10949158,03-Grande couronne,1,228,41,310,4680,2846,64.44132115,De 2 à 5 000 entrées,,,NON,,FIXE,,B,146,118,0,51.6889238,26.47289866,11.62608013,10.21209741,44,26.10631055,49.060326,2.170288,"49.060326, 2.170288"
2,263912,CONCORDE,ILE-DE-FRANCE,4 AV DES BOSQUETS,77294,Mitry-Mory,20713,77,851,Paris,10949158,03-Grande couronne,1,210,51,1445,28101,13065,115.0861079,De 20 à 30 000 entrées,,,C,JPPR,FIXE,,B,351,239,4,58.95602137,25.96383066,9.44512947,5.635018496,226,48.2244143,48.956929,2.603083,"48.956929, 2.603083"
2,273071,JACQUES BREL,ILE-DE-FRANCE,RUE DE LA MARE AUX CARATS,78423,Montigny-le-Bretonneux,32335,78,851,Paris,10949158,03-Grande couronne,1,282,52,340,11435,5245,118.0171592,De 10 à 20 000 entrées,,,NON,,FIXE,,B,118,80,0,60.7819008,18.19386596,17.04846649,3.975766755,47,54.20295343,48.77004,2.03446,"48.77004, 2.03446"
2,276554,CINE MONTROUGE,ILE-DE-FRANCE,88 RUE RACINE,92049,Montrouge,48174,92,851,Paris,10949158,02-Petite Couronne,1,154,48,703,20612,9429,118.6021847,De 20 à 30 000 entrées,,,C,,FIXE,,B,163,129,1,71.05293309,15.20394134,7.475939505,6.267186068,79,50.0515582,48.813222,2.311441,"48.813222, 2.311441"
2,284490,LES LUMIERES,ILE-DE-FRANCE,49 RUE MAURICE THOREZ,92050,Nanterre,96402,92,851,Paris,10949158,02-Petite Couronne,4,660,53,6943,86859,52547,65.29773346,De 80 à 100 000 entrées,,,C,RDJPPR,FIXE,,B,320,205,140,49.05004786,31.32940853,12.47590701,7.144636606,220,49.96394247,48.892601,2.195729,"48.892601, 2.195729"
2,292341,LA FERME DU BUISSON,ILE-DE-FRANCE,ALLEE DE LA FERME,77337,Noisiel,15853,77,851,Paris,10949158,03-Grande couronne,2,386,50,2525,43407,25307,71.52171336,De 40 à 50 000 entrées,,,C,RDJPPR,FIXE,,B,247,171,24,67.96998006,13.56670515,10.03201428,8.431300514,199,78.71575522,48.84468,2.624254,"48.84468, 2.624254"
2,299122,CENTRE CULTUREL  ORMESSON,ILE-DE-FRANCE,22 AV WLADIMIR D ORMESSON,94055,Ormesson-sur-Marne,10611,94,851,Paris,10949158,02-Petite Couronne,1,358,17,39,2619,1299,101.6166282,De 2 à 5 000 entrées,,,NON,,FIXE,,B,14,1,0,0,42.04431017,50.70493454,7.250755287,10,93.80664653,48.786098,2.544935,"48.786098, 2.544935"
2,314413,CINEMA GERARD PHILIPE,ILE-DE-FRANCE,1 PLACE JANE RHODES,92060,Le Plessis-Robinson,29719,92,851,Paris,10949158,02-Petite Couronne,2,400,53,2081,43461,23166,87.60683761,De 40 à 50 000 entrées,,,C,,FIXE,,B,155,124,22,55.31344704,26.49585494,11.66879555,6.521902472,53,21.57938237,48.777607,2.254424,"48.777607, 2.254424"
2,320532,ROYAL UTOPIA,ILE-DE-FRANCE,14 RUE ALEXANDRE PRACHAY,95500,Pontoise,32453,95,851,Paris,10949158,03-Grande couronne,1,272,33,148,9188,6672,37.70983213,De 5 à 10 000 entrées,,,C,,FIXE,,B,77,50,33,56.58934819,27.64027472,3.369184916,12.40119217,63,65.21964494,49.049188,2.099047,"49.049188, 2.099047"
2,341652,LE TRIANON,ILE-DE-FRANCE,PL CARNOT ET 1 RUE ETIENNE DOLET,93063,Romainville,31554,93,851,Paris,10949158,02-Petite Couronne,1,436,47,1419,54192,35814,51.31512816,De 50 à 80 000 entrées,,,C,JPPR,FIXE,,B,297,184,13,67.32519811,15.05599336,8.020258028,9.598550503,209,59.84631841,48.883869,2.44086,"48.883869, 2.44086"
2,343750,UGC CINE CITE ROSNY,ILE-DE-FRANCE,16 RUE CONRAD ADENAUER,93064,Rosny-sous-Bois,45622,93,851,Paris,10949158,02-Petite Couronne,15,3344,53,27798,648027,400334,61.87158722,De 450 à 700 000 entrées,UGC,,NON,,FIXE,,B,297,185,185,24.58873897,59.29137274,11.60639985,4.513488435,99,3.915529185,48.880702,2.480345,"48.880702, 2.480345"
2,381912,ECRAN,ILE-DE-FRANCE,14 PASSAGE DE L ACQUEDUC,93066,Saint-Denis,114027,93,851,Paris,10949158,02-Petite Couronne,2,398,50,2838,67089,36247,85.08842111,De 50 à 80 000 entrées,,,C,RDJPPR,FIXE,,B,372,205,91,59.1153839,18.48415404,15.97264919,6.427812867,306,78.84783783,48.93659,2.358747,"48.93659, 2.358747"
2,384792,ESPACE CULTUREL LES 26 COULEURS,ILE-DE-FRANCE,IMPASSE PASTEUR,77407,Saint-Fargeau-Ponthierry,14429,77,851,Paris,10949158,03-Grande couronne,1,222,44,548,7820,4657,67.91926133,De 5 à 10 000 entrées,,,C,,FIXE,,B,170,115,0,64.12702934,20.23639989,11.17915124,4.457419539,98,56.36570778,48.535934,2.547053,"48.535934, 2.547053"
2,404612,LES 4 DELTA 4,ILE-DE-FRANCE,81 BIS AVENUE DU BAC,94068,Saint-Maur-des-Fossés,75449,94,851,Paris,10949158,02-Petite Couronne,4,886,52,5855,86591,54665,58.40300009,De 80 à 100 000 entrées,,,C,JP,FIXE,,B,209,153,93,54.79224641,31.56254106,9.835301986,3.809910545,103,20.28807223,48.793451,2.514771,"48.793451, 2.514771"
2,408323,UTOPIA,ILE-DE-FRANCE,1 PLACE MENDES-FRANCE,95572,Saint-Ouen-l'Aumône,24849,95,851,Paris,10949158,03-Grande couronne,5,513,50,7478,109254,66499,64.29419991,De 100 à 150 000 entrées,,,C,RDJPPR,FIXE,,B,387,243,165,69.11318576,11.5710567,11.56812088,7.747636663,303,77.35991232,49.044334,2.106823,"49.044334, 2.106823"
2,429132,MEGA CGR,ILE-DE-FRANCE,PROMENADE DU 7ÈME ART,77468,Torcy,22604,77,851,Paris,10949158,03-Grande couronne,16,2891,53,31382,618151,356362,73.4615363,De 450 à 700 000 entrées,CGR,,NON,,FIXE,,B,357,259,254,22.41486762,55.81295707,11.92859624,9.843579082,93,3.388092015,48.840592,2.654959,"48.840592, 2.654959"
2,442002,LE VANVES,ILE-DE-FRANCE,12 RUE SADI CARNOT,92075,Vanves,28157,92,851,Paris,10949158,02-Petite Couronne,1,192,42,523,16081,10015,60.56914628,De 10 à 20 000 entrées,,,C,,FIXE,,B,180,145,0,69.55869891,15.27931686,6.251222215,8.91076201,141,71.32520696,48.821779,2.287439,"48.821779, 2.287439"
2,720400,UGC CINE CITE SQY OUEST,ILE-DE-FRANCE,1 AV. DE LA SOURCE DE LA BIEVRE,78423,Montigny-le-Bretonneux,32335,78,851,Paris,10949158,03-Grande couronne,16,3612,53,25831,529755,335385,57.95429134,De 450 à 700 000 entrées,UGC,,NON,,FIXE,,B,383,241,236,33.94711957,48.58399213,12.60657412,4.862314181,168,12.58879601,48.784168,2.039775,"48.784168, 2.039775"
2,723600,MEGARAMA,ILE-DE-FRANCE,82 BOULEVARD VICTOR BORDIER,95424,Montigny-lès-Cormeilles,22305,95,851,Paris,10949158,03-Grande couronne,8,1861,53,13817,391476,239758,63.2796403,De 300 à 450 000 entrées,MEGARAMA,,NON,,FIXE,,B,178,141,139,22.02560915,61.23354666,12.37127642,4.369567775,17,1.608629148,48.994228,2.194982,"48.994228, 2.194982"
2,724120,UGC CINE CITE VELIZY,ILE-DE-FRANCE,2 AVENUE DE L'EUROPE,78640,Vélizy-Villacoublay,23020,78,851,Paris,10949158,03-Grande couronne,18,3801,53,30930,823930,499571,64.9275078,De 700 000 à 1 million d'entrées,UGC,,NON,,FIXE,,B,505,307,284,33.90928358,49.34910897,12.39281444,4.348793008,245,13.49529453,48.78103,2.189542,"48.78103, 2.189542"
2,725200,LA TOILE FILANTE CIRCUIT ITINERANT ROISSY PAYS DE FRANCE,ILE-DE-FRANCE,CENTRE CULTUREL DE L'ORANGERIE,95527,Roissy-en-France,2817,95,851,Paris,10949158,03-Grande couronne,1,400,17,77,4834,,,De 2 à 5 000 entrées,,,NON,,ITINERANT,,B,9,0,0,72.06349206,20.23809524,0,7.698412698,8,98.57142857,49.00436,2.515858,"49.00436, 2.515858"
